user,eye,code,n_ev
1,left,102,37377
1,left,101,77941
1,left,201,81753
1,left,202,35994
1,right,102,35643
1,right,101,71261
1,right,202,33031
1,right,201,73994
2,left,102,22614
2,left,101,44662
2,left,202,17707
2,left,201,40541
2,right,102,26155
2,right,101,52899
2,right,202,23778
2,right,201,52315
3,left,102,27320
3,left,101,55769
3,left,202,26540
3,left,201,46406
3,right,102,25761
3,right,101,55888
3,right,202,24469
3,right,201,45680
4,left,102,33559
4,left,101,68171
4,left,202,32234
4,left,201,64421
4,right,102,34023
4,right,101,71983
4,right,202,33637
4,right,201,68845
5,left,102,29067
5,left,101,64281
5,left,202,35242
5,left,201,64121
5,right,102,25145
5,right,101,62058
5,right,202,29708
5,right,201,61183
6,left,102,24888
6,left,101,45238
6,left,201,40062
6,left,202,24721
6,right,102,23095
6,right,101,42449
6,right,202,23706
6,right,201,39137
7,left,102,17909
7,left,101,32868
7,left,202,19124
7,left,201,33636
7,right,102,18432
7,right,101,32728
7,right,202,18706
7,right,201,33659
8,left,102,17553
8,left,101,28280
8,left,202,15770
8,left,201,28161
8,right,102,19137
8,right,101,31373
8,right,201,32010
8,right,202,17647
9,left,102,34900
9,left,101,65141
9,left,202,32132
9,left,201,69045
9,right,102,27719
9,right,101,51048
9,right,202,25118
9,right,201,54207
10,left,102,32291
10,left,101,66162
10,left,202,29148
10,left,201,53114
10,right,102,25827
10,right,101,53915
10,right,201,43680
10,right,202,22730
11,left,102,30478
11,left,101,62506
11,left,201,51555
11,left,202,26772
11,right,102,27529
11,right,101,55486
11,right,202,24372
11,right,201,45930
12,left,102,26199
12,left,101,54076
12,left,201,41693
12,left,202,25406
12,right,102,18929
12,right,101,38711
12,right,202,19684
12,right,201,29833
13,left,102,27880
13,left,101,50628
13,left,202,28441
13,left,201,49608
13,right,102,23955
13,right,101,44030
13,right,201,40738
13,right,202,23030
14,left,102,22048
14,left,101,40380
14,left,201,43761
14,left,202,25287
14,right,102,29000
14,right,101,52180
14,right,202,32251
14,right,201,58114
15,left,102,17688
15,left,101,31683
15,left,202,14222
15,left,201,28992
15,right,102,17909
15,right,101,35026
15,right,202,14155
15,right,201,30118
16,left,102,20721
16,left,101,43760
16,left,202,18676
16,left,201,41953
16,right,102,23606
16,right,101,50656
16,right,201,50895
16,right,202,22710
17,left,102,18008
17,left,101,34780
17,left,202,16648
17,left,201,33289
17,right,102,17562
17,right,101,39742
17,right,202,15482
17,right,201,33742
18,left,102,17251
18,left,101,37322
18,left,201,32881
18,left,202,21049
18,right,102,14394
18,right,101,34573
18,right,202,16677
18,right,201,25333
19,left,102,22346
19,left,101,45662
19,left,202,21855
19,left,201,44663
19,right,102,23801
19,right,101,51853
19,right,202,23174
19,right,201,49951
20,left,102,29237
20,left,101,58092
20,left,202,27422
20,left,201,54174
20,right,102,32939
20,right,101,70663
20,right,202,31809
20,right,201,64998
21,left,102,18858
21,left,101,43923
21,left,202,19089
21,left,201,34138
21,right,102,18383
21,right,101,40524
21,right,201,33903
21,right,202,18843
22,left,102,22589
22,left,101,37599
22,left,202,21390
22,left,201,33918
22,right,101,32237
22,right,102,19637
22,right,202,18248
22,right,201,30679
23,left,102,16535
23,left,101,28583
23,left,202,14041
23,left,201,27266
23,right,102,16259
23,right,101,28325
23,right,201,22778
23,right,202,12099
24,left,102,33715
24,left,101,66166
24,left,202,31158
24,left,201,69768
24,right,102,36533
24,right,101,70805
24,right,202,31573
24,right,201,72469
25,left,102,24476
25,left,101,47272
25,left,202,24578
25,left,201,43843
25,right,101,48170
25,right,102,24394
25,right,202,23897
25,right,201,45325
26,left,102,26100
26,left,101,55612
26,left,202,27026
26,left,201,70125
26,right,102,24150
26,right,101,52310
26,right,202,26943
26,right,201,63742
27,left,101,50355
27,left,102,26516
27,left,202,24341
27,left,201,50076
27,right,102,25788
27,right,101,50653
27,right,201,49273
27,right,202,24281
28,left,102,24107
28,left,101,51260
28,left,201,45655
28,left,202,22632
28,right,102,21309
28,right,101,47998
28,right,201,43563
28,right,202,20186
29,left,102,23942
29,left,101,46391
29,left,202,21890
29,left,201,39644
29,right,102,24312
29,right,101,45489
29,right,201,39587
29,right,202,24824
30,left,102,32684
30,left,101,66022
30,left,202,31670
30,left,201,60235
30,right,102,37523
30,right,101,77227
30,right,201,68480
30,right,202,36869
31,left,102,31467
31,left,101,56028
31,left,202,31180
31,left,201,62527
31,right,102,37279
31,right,101,70507
31,right,202,35806
31,right,201,80556
32,left,101,43537
32,left,102,23272
32,left,202,21310
32,left,201,40369
32,right,102,19401
32,right,101,36094
32,right,202,17652
32,right,201,34086
33,left,102,36547
33,left,101,59418
33,left,202,34540
33,left,201,64327
33,right,101,54269
33,right,102,32531
33,right,202,30949
33,right,201,56439
34,left,102,43669
34,left,101,81275
34,left,202,41565
34,left,201,74090
34,right,102,39422
34,right,101,72580
34,right,201,65128
34,right,202,37796
35,left,101,36622
35,left,102,19619
35,left,202,17127
35,left,201,29854
35,right,102,23130
35,right,101,40975
35,right,201,29510
35,right,202,19154
36,left,102,27460
36,left,101,55847
36,left,202,26640
36,left,201,48480
36,right,102,27407
36,right,101,54700
36,right,201,47220
36,right,202,24586
37,left,102,26565
37,left,101,45288
37,left,202,25012
37,left,201,46111
37,right,102,27002
37,right,101,50689
37,right,202,23924
37,right,201,49820
38,left,102,23116
38,left,101,42804
38,left,202,24259
38,left,201,42217
38,right,101,34671
38,right,102,19010
38,right,202,20085
38,right,201,34420
39,left,102,28470
39,left,101,53810
39,left,201,48825
39,left,202,23828
39,right,102,29740
39,right,101,55059
39,right,202,24885
39,right,201,50580
40,left,102,20444
40,left,101,32523
40,left,202,19597
40,left,201,31911
40,right,102,22697
40,right,101,35939
40,right,202,22502
40,right,201,35570
41,left,102,25378
41,left,101,49676
41,left,202,22507
41,left,201,43721
41,right,102,24486
41,right,101,48352
41,right,202,22324
41,right,201,43907
42,left,102,18699
42,left,101,37278
42,left,201,32622
42,left,202,21502
42,right,102,20471
42,right,101,42712
42,right,202,23942
42,right,201,38013
43,left,102,31365
43,left,101,62287
43,left,202,27053
43,left,201,50383
43,right,102,28416
43,right,101,62427
43,right,201,48031
43,right,202,24402
44,left,102,25551
44,left,101,57049
44,left,201,51236
44,left,202,26679
44,right,102,21773
44,right,101,52251
44,right,201,46845
44,right,202,22916
45,left,102,25937
45,left,101,44124
45,left,202,21081
45,left,201,38612
45,right,102,32188
45,right,101,56751
45,right,202,27252
45,right,201,52995
46,left,102,31015
46,left,101,58291
46,left,202,27247
46,left,201,57848
46,right,102,28486
46,right,101,56217
46,right,202,26192
46,right,201,53937
47,left,102,25028
47,left,101,44738
47,left,202,25205
47,left,201,43407
47,right,102,27412
47,right,101,52211
47,right,201,50078
47,right,202,27732
48,left,102,25609
48,left,101,48942
48,left,201,49956
48,left,202,25620
48,right,102,29623
48,right,101,58883
48,right,202,29077
48,right,201,60011
