path,module,line
hardware/pynq/hgtxr/__init__.py,.hgtxr_overlay,1
hardware/pynq/hgtxr/__init__.py,.e2e_m_axi_overlay,2
hardware/pynq/hgtxr/__init__.py,.e2e_axis_dma_overlay,3
hardware/pynq/hgtxr/e2e_axis_dma_overlay.py,__future__,1
hardware/pynq/hgtxr/e2e_axis_dma_overlay.py,dataclasses,3
hardware/pynq/hgtxr/e2e_axis_dma_overlay.py,pathlib,4
hardware/pynq/hgtxr/e2e_axis_dma_overlay.py,time,5
hardware/pynq/hgtxr/e2e_axis_dma_overlay.py,typing,6
hardware/pynq/hgtxr/e2e_axis_dma_overlay.py,numpy,8
hardware/pynq/hgtxr/e2e_axis_dma_overlay.py,.hgtxr_overlay,10
hardware/pynq/hgtxr/e2e_axis_dma_overlay.py,.e2e_m_axi_overlay,11
hardware/pynq/hgtxr/e2e_axis_dma_overlay.py,pynq,14
hardware/pynq/hgtxr/e2e_m_axi_overlay.py,__future__,1
hardware/pynq/hgtxr/e2e_m_axi_overlay.py,dataclasses,3
hardware/pynq/hgtxr/e2e_m_axi_overlay.py,pathlib,4
hardware/pynq/hgtxr/e2e_m_axi_overlay.py,time,5
hardware/pynq/hgtxr/e2e_m_axi_overlay.py,typing,6
hardware/pynq/hgtxr/e2e_m_axi_overlay.py,numpy,8
hardware/pynq/hgtxr/e2e_m_axi_overlay.py,.hgtxr_overlay,10
hardware/pynq/hgtxr/e2e_m_axi_overlay.py,pynq,13
hardware/pynq/hgtxr/e2e_m_axi_weights.py,__future__,1
hardware/pynq/hgtxr/e2e_m_axi_weights.py,numpy,3
hardware/pynq/hgtxr/hgtxr_overlay.py,__future__,1
hardware/pynq/hgtxr/hgtxr_overlay.py,dataclasses,3
hardware/pynq/hgtxr/hgtxr_overlay.py,pathlib,4
hardware/pynq/hgtxr/hgtxr_overlay.py,time,5
hardware/pynq/hgtxr/hgtxr_overlay.py,typing,6
hardware/pynq/hgtxr/hgtxr_overlay.py,xml.etree.ElementTree,7
hardware/pynq/hgtxr/hgtxr_overlay.py,numpy,9
hardware/pynq/hgtxr/hgtxr_overlay.py,pynq,12
hardware/pynq/hgtxr/run_e2e_axis_dma_hybrid_smoke.py,__future__,1
hardware/pynq/hgtxr/run_e2e_axis_dma_hybrid_smoke.py,argparse,3
hardware/pynq/hgtxr/run_e2e_axis_dma_hybrid_smoke.py,json,4
hardware/pynq/hgtxr/run_e2e_axis_dma_hybrid_smoke.py,pathlib,5
hardware/pynq/hgtxr/run_e2e_axis_dma_hybrid_smoke.py,sys,6
hardware/pynq/hgtxr/run_e2e_axis_dma_hybrid_smoke.py,typing,7
hardware/pynq/hgtxr/run_e2e_axis_dma_hybrid_smoke.py,numpy,9
hardware/pynq/hgtxr/run_e2e_axis_dma_hybrid_smoke.py,hgtxr.e2e_axis_dma_overlay,13
hardware/pynq/hgtxr/run_e2e_axis_dma_hybrid_smoke.py,hgtxr.run_e2e_axis_dma_smoke,14
hardware/pynq/hgtxr/run_e2e_axis_dma_hybrid_smoke.py,.e2e_axis_dma_overlay,24
hardware/pynq/hgtxr/run_e2e_axis_dma_hybrid_smoke.py,.run_e2e_axis_dma_smoke,25
hardware/pynq/hgtxr/run_e2e_axis_dma_smoke.py,__future__,1
hardware/pynq/hgtxr/run_e2e_axis_dma_smoke.py,argparse,3
hardware/pynq/hgtxr/run_e2e_axis_dma_smoke.py,json,4
hardware/pynq/hgtxr/run_e2e_axis_dma_smoke.py,pathlib,5
hardware/pynq/hgtxr/run_e2e_axis_dma_smoke.py,sys,6
hardware/pynq/hgtxr/run_e2e_axis_dma_smoke.py,typing,7
hardware/pynq/hgtxr/run_e2e_axis_dma_smoke.py,numpy,9
hardware/pynq/hgtxr/run_e2e_axis_dma_smoke.py,hgtxr.e2e_axis_dma_overlay,13
hardware/pynq/hgtxr/run_e2e_axis_dma_smoke.py,hgtxr.e2e_m_axi_weights,14
hardware/pynq/hgtxr/run_e2e_axis_dma_smoke.py,.e2e_axis_dma_overlay,16
hardware/pynq/hgtxr/run_e2e_axis_dma_smoke.py,.e2e_m_axi_weights,17
hardware/pynq/hgtxr/run_e2e_m_axi_smoke.py,__future__,1
hardware/pynq/hgtxr/run_e2e_m_axi_smoke.py,argparse,3
hardware/pynq/hgtxr/run_e2e_m_axi_smoke.py,json,4
hardware/pynq/hgtxr/run_e2e_m_axi_smoke.py,pathlib,5
hardware/pynq/hgtxr/run_e2e_m_axi_smoke.py,sys,6
hardware/pynq/hgtxr/run_e2e_m_axi_smoke.py,typing,7
hardware/pynq/hgtxr/run_e2e_m_axi_smoke.py,numpy,9
hardware/pynq/hgtxr/run_e2e_m_axi_smoke.py,hgtxr.e2e_m_axi_overlay,13
hardware/pynq/hgtxr/run_e2e_m_axi_smoke.py,hgtxr.e2e_m_axi_weights,14
hardware/pynq/hgtxr/run_e2e_m_axi_smoke.py,.e2e_m_axi_overlay,16
hardware/pynq/hgtxr/run_e2e_m_axi_smoke.py,.e2e_m_axi_weights,17
hardware/pynq/hgtxr/test_hgtxr_overlay.py,contextlib,1
hardware/pynq/hgtxr/test_hgtxr_overlay.py,io,2
hardware/pynq/hgtxr/test_hgtxr_overlay.py,json,3
hardware/pynq/hgtxr/test_hgtxr_overlay.py,pathlib,4
hardware/pynq/hgtxr/test_hgtxr_overlay.py,sys,5
hardware/pynq/hgtxr/test_hgtxr_overlay.py,tempfile,6
hardware/pynq/hgtxr/test_hgtxr_overlay.py,unittest,7
hardware/pynq/hgtxr/test_hgtxr_overlay.py,unittest,8
hardware/pynq/hgtxr/test_hgtxr_overlay.py,numpy,9
hardware/pynq/hgtxr/test_hgtxr_overlay.py,hgtxr_overlay,19
hardware/pynq/hgtxr/test_hgtxr_overlay.py,hgtxr,21
hardware/pynq/hgtxr/test_hgtxr_overlay.py,hgtxr,22
hardware/pynq/hgtxr/test_hgtxr_overlay.py,hgtxr,23
hardware/pynq/hgtxr/test_hgtxr_overlay.py,hgtxr,24
hardware/pynq/hgtxr/test_hgtxr_overlay.py,hgtxr,25
hardware/pynq/hgtxr/test_hgtxr_overlay.py,export_e2e_m_axi_weights,26
hardware/scripts/report/collect_no_board_reports.py,__future__,9
hardware/scripts/report/collect_no_board_reports.py,argparse,11
hardware/scripts/report/collect_no_board_reports.py,csv,12
hardware/scripts/report/collect_no_board_reports.py,json,13
hardware/scripts/report/collect_no_board_reports.py,dataclasses,14
hardware/scripts/report/collect_no_board_reports.py,datetime,15
hardware/scripts/report/collect_no_board_reports.py,pathlib,16
hardware/scripts/report/collect_no_board_reports.py,xml.etree.ElementTree,17
hardware/tests/test_audit_final_unblock_candidates.py,__future__,2
hardware/tests/test_audit_final_unblock_candidates.py,contextlib,4
hardware/tests/test_audit_final_unblock_candidates.py,io,5
hardware/tests/test_audit_final_unblock_candidates.py,json,6
hardware/tests/test_audit_final_unblock_candidates.py,sys,7
hardware/tests/test_audit_final_unblock_candidates.py,tempfile,8
hardware/tests/test_audit_final_unblock_candidates.py,unittest,9
hardware/tests/test_audit_final_unblock_candidates.py,pathlib,10
hardware/tests/test_audit_final_unblock_candidates.py,audit_final_unblock_candidates,19
hardware/tests/test_audit_final_unblock_candidates.py,test_validate_pynq_smoke_result,20
hardware/tests/test_audit_reference_inputs.py,__future__,2
hardware/tests/test_audit_reference_inputs.py,contextlib,4
hardware/tests/test_audit_reference_inputs.py,io,5
hardware/tests/test_audit_reference_inputs.py,json,6
hardware/tests/test_audit_reference_inputs.py,sys,7
hardware/tests/test_audit_reference_inputs.py,tempfile,8
hardware/tests/test_audit_reference_inputs.py,unittest,9
hardware/tests/test_audit_reference_inputs.py,pathlib,10
hardware/tests/test_audit_reference_inputs.py,audit_reference_inputs,17
hardware/tests/test_audit_xr_vits_candidates.py,__future__,2
hardware/tests/test_audit_xr_vits_candidates.py,contextlib,4
hardware/tests/test_audit_xr_vits_candidates.py,io,5
hardware/tests/test_audit_xr_vits_candidates.py,json,6
hardware/tests/test_audit_xr_vits_candidates.py,sys,7
hardware/tests/test_audit_xr_vits_candidates.py,tempfile,8
hardware/tests/test_audit_xr_vits_candidates.py,unittest,9
hardware/tests/test_audit_xr_vits_candidates.py,pathlib,10
hardware/tests/test_audit_xr_vits_candidates.py,audit_xr_vits_candidates,17
hardware/tests/test_check_c3b_board_smoke_readiness.py,__future__,2
hardware/tests/test_check_c3b_board_smoke_readiness.py,contextlib,4
hardware/tests/test_check_c3b_board_smoke_readiness.py,io,5
hardware/tests/test_check_c3b_board_smoke_readiness.py,json,6
hardware/tests/test_check_c3b_board_smoke_readiness.py,sys,7
hardware/tests/test_check_c3b_board_smoke_readiness.py,tarfile,8
hardware/tests/test_check_c3b_board_smoke_readiness.py,tempfile,9
hardware/tests/test_check_c3b_board_smoke_readiness.py,unittest,10
hardware/tests/test_check_c3b_board_smoke_readiness.py,pathlib,11
hardware/tests/test_check_c3b_board_smoke_readiness.py,check_c3b_board_smoke_readiness,18
hardware/tests/test_check_c3b_board_smoke_readiness.py,write_c3b_smoke_transfer_manifest,19
hardware/tests/test_check_c3b_board_smoke_readiness.py,validate_pynq_bundle_package,20
hardware/tests/test_check_final_blocker_closure_readiness.py,__future__,2
hardware/tests/test_check_final_blocker_closure_readiness.py,contextlib,4
hardware/tests/test_check_final_blocker_closure_readiness.py,io,5
hardware/tests/test_check_final_blocker_closure_readiness.py,json,6
hardware/tests/test_check_final_blocker_closure_readiness.py,sys,7
hardware/tests/test_check_final_blocker_closure_readiness.py,tempfile,8
hardware/tests/test_check_final_blocker_closure_readiness.py,unittest,9
hardware/tests/test_check_final_blocker_closure_readiness.py,pathlib,10
hardware/tests/test_check_final_blocker_closure_readiness.py,check_final_blocker_closure_readiness,17
hardware/tests/test_check_final_blocker_closure_readiness.py,create_xr_vits_replacement_policy,18
hardware/tests/test_check_final_blocker_closure_readiness.py,validate_pynq_smoke_result,19
hardware/tests/test_check_runtime_mode_board_latency_gate.py,__future__,1
hardware/tests/test_check_runtime_mode_board_latency_gate.py,json,3
hardware/tests/test_check_runtime_mode_board_latency_gate.py,sys,4
hardware/tests/test_check_runtime_mode_board_latency_gate.py,tempfile,5
hardware/tests/test_check_runtime_mode_board_latency_gate.py,unittest,6
hardware/tests/test_check_runtime_mode_board_latency_gate.py,pathlib,7
hardware/tests/test_check_runtime_mode_board_latency_gate.py,check_runtime_mode_board_latency_gate,14
hardware/tests/test_check_third_goal_preflight.py,__future__,4
hardware/tests/test_check_third_goal_preflight.py,contextlib,6
hardware/tests/test_check_third_goal_preflight.py,hashlib,7
hardware/tests/test_check_third_goal_preflight.py,io,8
hardware/tests/test_check_third_goal_preflight.py,json,9
hardware/tests/test_check_third_goal_preflight.py,sys,10
hardware/tests/test_check_third_goal_preflight.py,tarfile,11
hardware/tests/test_check_third_goal_preflight.py,tempfile,12
hardware/tests/test_check_third_goal_preflight.py,unittest,13
hardware/tests/test_check_third_goal_preflight.py,pathlib,14
hardware/tests/test_check_third_goal_preflight.py,unittest,15
hardware/tests/test_check_third_goal_preflight.py,check_third_goal_preflight,22
hardware/tests/test_check_third_goal_preflight.py,create_xr_vits_replacement_policy,23
hardware/tests/test_check_xr_vits_reference_resolution.py,__future__,2
hardware/tests/test_check_xr_vits_reference_resolution.py,contextlib,4
hardware/tests/test_check_xr_vits_reference_resolution.py,io,5
hardware/tests/test_check_xr_vits_reference_resolution.py,json,6
hardware/tests/test_check_xr_vits_reference_resolution.py,sys,7
hardware/tests/test_check_xr_vits_reference_resolution.py,tempfile,8
hardware/tests/test_check_xr_vits_reference_resolution.py,unittest,9
hardware/tests/test_check_xr_vits_reference_resolution.py,pathlib,10
hardware/tests/test_check_xr_vits_reference_resolution.py,check_xr_vits_reference_resolution,17
hardware/tests/test_check_xr_vits_reference_resolution.py,create_xr_vits_replacement_policy,18
hardware/tests/test_create_xr_vits_replacement_policy.py,__future__,2
hardware/tests/test_create_xr_vits_replacement_policy.py,contextlib,4
hardware/tests/test_create_xr_vits_replacement_policy.py,io,5
hardware/tests/test_create_xr_vits_replacement_policy.py,json,6
hardware/tests/test_create_xr_vits_replacement_policy.py,sys,7
hardware/tests/test_create_xr_vits_replacement_policy.py,tempfile,8
hardware/tests/test_create_xr_vits_replacement_policy.py,unittest,9
hardware/tests/test_create_xr_vits_replacement_policy.py,pathlib,10
hardware/tests/test_create_xr_vits_replacement_policy.py,create_xr_vits_replacement_policy,17
hardware/tests/test_discover_c3b_smoke_candidates.py,__future__,2
hardware/tests/test_discover_c3b_smoke_candidates.py,contextlib,4
hardware/tests/test_discover_c3b_smoke_candidates.py,io,5
hardware/tests/test_discover_c3b_smoke_candidates.py,json,6
hardware/tests/test_discover_c3b_smoke_candidates.py,sys,7
hardware/tests/test_discover_c3b_smoke_candidates.py,tempfile,8
hardware/tests/test_discover_c3b_smoke_candidates.py,unittest,9
hardware/tests/test_discover_c3b_smoke_candidates.py,pathlib,10
hardware/tests/test_discover_c3b_smoke_candidates.py,discover_c3b_smoke_candidates,17
hardware/tests/test_discover_c3b_smoke_candidates.py,validate_pynq_smoke_result,18
hardware/tests/test_discover_pynq_smoke_candidates.py,__future__,2
hardware/tests/test_discover_pynq_smoke_candidates.py,contextlib,4
hardware/tests/test_discover_pynq_smoke_candidates.py,io,5
hardware/tests/test_discover_pynq_smoke_candidates.py,json,6
hardware/tests/test_discover_pynq_smoke_candidates.py,sys,7
hardware/tests/test_discover_pynq_smoke_candidates.py,tempfile,8
hardware/tests/test_discover_pynq_smoke_candidates.py,unittest,9
hardware/tests/test_discover_pynq_smoke_candidates.py,pathlib,10
hardware/tests/test_discover_pynq_smoke_candidates.py,discover_pynq_smoke_candidates,17
hardware/tests/test_discover_pynq_smoke_candidates.py,validate_pynq_smoke_result,18
hardware/tests/test_import_pynq_smoke_result.py,__future__,2
hardware/tests/test_import_pynq_smoke_result.py,contextlib,4
hardware/tests/test_import_pynq_smoke_result.py,io,5
hardware/tests/test_import_pynq_smoke_result.py,json,6
hardware/tests/test_import_pynq_smoke_result.py,sys,7
hardware/tests/test_import_pynq_smoke_result.py,tempfile,8
hardware/tests/test_import_pynq_smoke_result.py,unittest,9
hardware/tests/test_import_pynq_smoke_result.py,pathlib,10
hardware/tests/test_import_pynq_smoke_result.py,import_pynq_smoke_result,19
hardware/tests/test_import_pynq_smoke_result.py,test_validate_pynq_smoke_result,20
hardware/tests/test_package_e2e_axis_dma_pynq_bundle.py,__future__,1
hardware/tests/test_package_e2e_axis_dma_pynq_bundle.py,json,3
hardware/tests/test_package_e2e_axis_dma_pynq_bundle.py,sys,4
hardware/tests/test_package_e2e_axis_dma_pynq_bundle.py,tempfile,5
hardware/tests/test_package_e2e_axis_dma_pynq_bundle.py,unittest,6
hardware/tests/test_package_e2e_axis_dma_pynq_bundle.py,pathlib,7
hardware/tests/test_package_e2e_axis_dma_pynq_bundle.py,package_e2e_axis_dma_pynq_bundle,14
hardware/tests/test_package_e2e_m_axi_pynq_bundle.py,__future__,1
hardware/tests/test_package_e2e_m_axi_pynq_bundle.py,json,3
hardware/tests/test_package_e2e_m_axi_pynq_bundle.py,sys,4
hardware/tests/test_package_e2e_m_axi_pynq_bundle.py,tempfile,5
hardware/tests/test_package_e2e_m_axi_pynq_bundle.py,unittest,6
hardware/tests/test_package_e2e_m_axi_pynq_bundle.py,pathlib,7
hardware/tests/test_package_e2e_m_axi_pynq_bundle.py,package_e2e_m_axi_pynq_bundle,14
hardware/tests/test_prepare_zcu104_smoke_session.py,__future__,2
hardware/tests/test_prepare_zcu104_smoke_session.py,contextlib,4
hardware/tests/test_prepare_zcu104_smoke_session.py,io,5
hardware/tests/test_prepare_zcu104_smoke_session.py,json,6
hardware/tests/test_prepare_zcu104_smoke_session.py,sys,7
hardware/tests/test_prepare_zcu104_smoke_session.py,tempfile,8
hardware/tests/test_prepare_zcu104_smoke_session.py,unittest,9
hardware/tests/test_prepare_zcu104_smoke_session.py,pathlib,10
hardware/tests/test_prepare_zcu104_smoke_session.py,package_e2e_axis_dma_pynq_bundle,17
hardware/tests/test_prepare_zcu104_smoke_session.py,prepare_zcu104_smoke_session,18
hardware/tests/test_run_runtime_mode_board_latency.py,__future__,1
hardware/tests/test_run_runtime_mode_board_latency.py,json,3
hardware/tests/test_run_runtime_mode_board_latency.py,socket,4
hardware/tests/test_run_runtime_mode_board_latency.py,subprocess,5
hardware/tests/test_run_runtime_mode_board_latency.py,sys,6
hardware/tests/test_run_runtime_mode_board_latency.py,tarfile,7
hardware/tests/test_run_runtime_mode_board_latency.py,tempfile,8
hardware/tests/test_run_runtime_mode_board_latency.py,unittest,9
hardware/tests/test_run_runtime_mode_board_latency.py,pathlib,10
hardware/tests/test_run_runtime_mode_board_latency.py,run_runtime_mode_board_latency,17
hardware/tests/test_run_runtime_mode_board_latency.py,validate_pynq_bundle_package,18
hardware/tests/test_run_third_goal_final_signoff.py,__future__,2
hardware/tests/test_run_third_goal_final_signoff.py,json,4
hardware/tests/test_run_third_goal_final_signoff.py,sys,5
hardware/tests/test_run_third_goal_final_signoff.py,tempfile,6
hardware/tests/test_run_third_goal_final_signoff.py,unittest,7
hardware/tests/test_run_third_goal_final_signoff.py,pathlib,8
hardware/tests/test_run_third_goal_final_signoff.py,run_third_goal_final_signoff,15
hardware/tests/test_run_zcu104_c3b_smoke_remote.py,__future__,2
hardware/tests/test_run_zcu104_c3b_smoke_remote.py,json,4
hardware/tests/test_run_zcu104_c3b_smoke_remote.py,subprocess,5
hardware/tests/test_run_zcu104_c3b_smoke_remote.py,sys,6
hardware/tests/test_run_zcu104_c3b_smoke_remote.py,tarfile,7
hardware/tests/test_run_zcu104_c3b_smoke_remote.py,tempfile,8
hardware/tests/test_run_zcu104_c3b_smoke_remote.py,unittest,9
hardware/tests/test_run_zcu104_c3b_smoke_remote.py,pathlib,10
hardware/tests/test_run_zcu104_c3b_smoke_remote.py,run_zcu104_c3b_smoke_remote,17
hardware/tests/test_run_zcu104_c3b_smoke_remote.py,validate_pynq_bundle_package,18
hardware/tests/test_validate_final_operator_handoff.py,__future__,2
hardware/tests/test_validate_final_operator_handoff.py,contextlib,4
hardware/tests/test_validate_final_operator_handoff.py,io,5
hardware/tests/test_validate_final_operator_handoff.py,json,6
hardware/tests/test_validate_final_operator_handoff.py,sys,7
hardware/tests/test_validate_final_operator_handoff.py,tempfile,8
hardware/tests/test_validate_final_operator_handoff.py,unittest,9
hardware/tests/test_validate_final_operator_handoff.py,pathlib,10
hardware/tests/test_validate_final_operator_handoff.py,validate_final_operator_handoff,19
hardware/tests/test_validate_final_operator_handoff.py,write_final_operator_handoff,20
hardware/tests/test_validate_final_operator_handoff.py,test_write_final_operator_handoff,21
hardware/tests/test_validate_final_operator_handoff.py,test_write_third_goal_requirements_trace,22
hardware/tests/test_validate_final_signoff_bundle.py,__future__,2
hardware/tests/test_validate_final_signoff_bundle.py,contextlib,4
hardware/tests/test_validate_final_signoff_bundle.py,io,5
hardware/tests/test_validate_final_signoff_bundle.py,json,6
hardware/tests/test_validate_final_signoff_bundle.py,sys,7
hardware/tests/test_validate_final_signoff_bundle.py,tempfile,8
hardware/tests/test_validate_final_signoff_bundle.py,unittest,9
hardware/tests/test_validate_final_signoff_bundle.py,pathlib,10
hardware/tests/test_validate_final_signoff_bundle.py,validate_final_signoff_bundle,17
hardware/tests/test_validate_final_unblock_closeout_packet.py,__future__,2
hardware/tests/test_validate_final_unblock_closeout_packet.py,contextlib,4
hardware/tests/test_validate_final_unblock_closeout_packet.py,io,5
hardware/tests/test_validate_final_unblock_closeout_packet.py,json,6
hardware/tests/test_validate_final_unblock_closeout_packet.py,sys,7
hardware/tests/test_validate_final_unblock_closeout_packet.py,tempfile,8
hardware/tests/test_validate_final_unblock_closeout_packet.py,unittest,9
hardware/tests/test_validate_final_unblock_closeout_packet.py,pathlib,10
hardware/tests/test_validate_final_unblock_closeout_packet.py,validate_final_unblock_closeout_packet,17
hardware/tests/test_validate_final_unblock_closeout_packet.py,create_xr_vits_replacement_policy,18
hardware/tests/test_validate_pynq_bundle_package.py,__future__,2
hardware/tests/test_validate_pynq_bundle_package.py,contextlib,4
hardware/tests/test_validate_pynq_bundle_package.py,io,5
hardware/tests/test_validate_pynq_bundle_package.py,json,6
hardware/tests/test_validate_pynq_bundle_package.py,sys,7
hardware/tests/test_validate_pynq_bundle_package.py,tarfile,8
hardware/tests/test_validate_pynq_bundle_package.py,tempfile,9
hardware/tests/test_validate_pynq_bundle_package.py,unittest,10
hardware/tests/test_validate_pynq_bundle_package.py,pathlib,11
hardware/tests/test_validate_pynq_bundle_package.py,package_e2e_axis_dma_pynq_bundle,18
hardware/tests/test_validate_pynq_bundle_package.py,validate_pynq_bundle_package,19
hardware/tests/test_validate_pynq_smoke_result.py,__future__,2
hardware/tests/test_validate_pynq_smoke_result.py,contextlib,4
hardware/tests/test_validate_pynq_smoke_result.py,io,5
hardware/tests/test_validate_pynq_smoke_result.py,json,6
hardware/tests/test_validate_pynq_smoke_result.py,sys,7
hardware/tests/test_validate_pynq_smoke_result.py,tempfile,8
hardware/tests/test_validate_pynq_smoke_result.py,unittest,9
hardware/tests/test_validate_pynq_smoke_result.py,pathlib,10
hardware/tests/test_validate_pynq_smoke_result.py,validate_pynq_smoke_result,17
hardware/tests/test_write_c3b_physical_smoke_gate_audit.py,__future__,2
hardware/tests/test_write_c3b_physical_smoke_gate_audit.py,json,4
hardware/tests/test_write_c3b_physical_smoke_gate_audit.py,sys,5
hardware/tests/test_write_c3b_physical_smoke_gate_audit.py,tempfile,6
hardware/tests/test_write_c3b_physical_smoke_gate_audit.py,unittest,7
hardware/tests/test_write_c3b_physical_smoke_gate_audit.py,pathlib,8
hardware/tests/test_write_c3b_physical_smoke_gate_audit.py,write_c3b_physical_smoke_gate_audit,16
hardware/tests/test_write_c3b_protection_checklist.py,__future__,2
hardware/tests/test_write_c3b_protection_checklist.py,contextlib,4
hardware/tests/test_write_c3b_protection_checklist.py,io,5
hardware/tests/test_write_c3b_protection_checklist.py,json,6
hardware/tests/test_write_c3b_protection_checklist.py,sys,7
hardware/tests/test_write_c3b_protection_checklist.py,tempfile,8
hardware/tests/test_write_c3b_protection_checklist.py,unittest,9
hardware/tests/test_write_c3b_protection_checklist.py,pathlib,10
hardware/tests/test_write_c3b_protection_checklist.py,write_c3b_protection_checklist,17
hardware/tests/test_write_c3b_smoke_result_contract.py,__future__,2
hardware/tests/test_write_c3b_smoke_result_contract.py,contextlib,4
hardware/tests/test_write_c3b_smoke_result_contract.py,io,5
hardware/tests/test_write_c3b_smoke_result_contract.py,json,6
hardware/tests/test_write_c3b_smoke_result_contract.py,sys,7
hardware/tests/test_write_c3b_smoke_result_contract.py,tempfile,8
hardware/tests/test_write_c3b_smoke_result_contract.py,unittest,9
hardware/tests/test_write_c3b_smoke_result_contract.py,pathlib,10
hardware/tests/test_write_c3b_smoke_result_contract.py,write_c3b_smoke_result_contract,17
hardware/tests/test_write_c3b_smoke_transfer_manifest.py,__future__,2
hardware/tests/test_write_c3b_smoke_transfer_manifest.py,contextlib,4
hardware/tests/test_write_c3b_smoke_transfer_manifest.py,io,5
hardware/tests/test_write_c3b_smoke_transfer_manifest.py,json,6
hardware/tests/test_write_c3b_smoke_transfer_manifest.py,sys,7
hardware/tests/test_write_c3b_smoke_transfer_manifest.py,tarfile,8
hardware/tests/test_write_c3b_smoke_transfer_manifest.py,tempfile,9
hardware/tests/test_write_c3b_smoke_transfer_manifest.py,unittest,10
hardware/tests/test_write_c3b_smoke_transfer_manifest.py,pathlib,11
hardware/tests/test_write_c3b_smoke_transfer_manifest.py,write_c3b_smoke_transfer_manifest,18
hardware/tests/test_write_c3b_smoke_transfer_manifest.py,validate_pynq_bundle_package,19
hardware/tests/test_write_e2e_resource_matrix.py,__future__,2
hardware/tests/test_write_e2e_resource_matrix.py,contextlib,4
hardware/tests/test_write_e2e_resource_matrix.py,io,5
hardware/tests/test_write_e2e_resource_matrix.py,json,6
hardware/tests/test_write_e2e_resource_matrix.py,sys,7
hardware/tests/test_write_e2e_resource_matrix.py,tempfile,8
hardware/tests/test_write_e2e_resource_matrix.py,unittest,9
hardware/tests/test_write_e2e_resource_matrix.py,pathlib,10
hardware/tests/test_write_e2e_resource_matrix.py,write_e2e_resource_matrix,17
hardware/tests/test_write_e2e_resource_policy_audit.py,__future__,2
hardware/tests/test_write_e2e_resource_policy_audit.py,contextlib,4
hardware/tests/test_write_e2e_resource_policy_audit.py,io,5
hardware/tests/test_write_e2e_resource_policy_audit.py,json,6
hardware/tests/test_write_e2e_resource_policy_audit.py,sys,7
hardware/tests/test_write_e2e_resource_policy_audit.py,tempfile,8
hardware/tests/test_write_e2e_resource_policy_audit.py,unittest,9
hardware/tests/test_write_e2e_resource_policy_audit.py,pathlib,10
hardware/tests/test_write_e2e_resource_policy_audit.py,write_e2e_resource_policy_audit,17
hardware/tests/test_write_final_evidence_manifest.py,__future__,2
hardware/tests/test_write_final_evidence_manifest.py,contextlib,4
hardware/tests/test_write_final_evidence_manifest.py,io,5
hardware/tests/test_write_final_evidence_manifest.py,json,6
hardware/tests/test_write_final_evidence_manifest.py,sys,7
hardware/tests/test_write_final_evidence_manifest.py,tempfile,8
hardware/tests/test_write_final_evidence_manifest.py,unittest,9
hardware/tests/test_write_final_evidence_manifest.py,pathlib,10
hardware/tests/test_write_final_evidence_manifest.py,write_final_evidence_manifest,17
hardware/tests/test_write_final_operator_handoff.py,__future__,2
hardware/tests/test_write_final_operator_handoff.py,contextlib,4
hardware/tests/test_write_final_operator_handoff.py,io,5
hardware/tests/test_write_final_operator_handoff.py,json,6
hardware/tests/test_write_final_operator_handoff.py,sys,7
hardware/tests/test_write_final_operator_handoff.py,tempfile,8
hardware/tests/test_write_final_operator_handoff.py,unittest,9
hardware/tests/test_write_final_operator_handoff.py,pathlib,10
hardware/tests/test_write_final_operator_handoff.py,write_final_operator_handoff,19
hardware/tests/test_write_final_operator_handoff.py,test_write_third_goal_requirements_trace,20
hardware/tests/test_write_final_signoff_audit.py,__future__,2
hardware/tests/test_write_final_signoff_audit.py,contextlib,4
hardware/tests/test_write_final_signoff_audit.py,io,5
hardware/tests/test_write_final_signoff_audit.py,json,6
hardware/tests/test_write_final_signoff_audit.py,sys,7
hardware/tests/test_write_final_signoff_audit.py,tempfile,8
hardware/tests/test_write_final_signoff_audit.py,unittest,9
hardware/tests/test_write_final_signoff_audit.py,pathlib,10
hardware/tests/test_write_final_signoff_audit.py,write_final_signoff_audit,17
hardware/tests/test_write_final_unblock_closeout_packet.py,__future__,2
hardware/tests/test_write_final_unblock_closeout_packet.py,contextlib,4
hardware/tests/test_write_final_unblock_closeout_packet.py,io,5
hardware/tests/test_write_final_unblock_closeout_packet.py,json,6
hardware/tests/test_write_final_unblock_closeout_packet.py,sys,7
hardware/tests/test_write_final_unblock_closeout_packet.py,tempfile,8
hardware/tests/test_write_final_unblock_closeout_packet.py,unittest,9
hardware/tests/test_write_final_unblock_closeout_packet.py,pathlib,10
hardware/tests/test_write_final_unblock_closeout_packet.py,write_final_unblock_closeout_packet,17
hardware/tests/test_write_final_unblock_commands.py,__future__,2
hardware/tests/test_write_final_unblock_commands.py,contextlib,4
hardware/tests/test_write_final_unblock_commands.py,io,5
hardware/tests/test_write_final_unblock_commands.py,json,6
hardware/tests/test_write_final_unblock_commands.py,sys,7
hardware/tests/test_write_final_unblock_commands.py,tempfile,8
hardware/tests/test_write_final_unblock_commands.py,unittest,9
hardware/tests/test_write_final_unblock_commands.py,pathlib,10
hardware/tests/test_write_final_unblock_commands.py,write_final_unblock_commands,17
hardware/tests/test_write_final_unblock_intake.py,__future__,2
hardware/tests/test_write_final_unblock_intake.py,contextlib,4
hardware/tests/test_write_final_unblock_intake.py,io,5
hardware/tests/test_write_final_unblock_intake.py,json,6
hardware/tests/test_write_final_unblock_intake.py,sys,7
hardware/tests/test_write_final_unblock_intake.py,tempfile,8
hardware/tests/test_write_final_unblock_intake.py,unittest,9
hardware/tests/test_write_final_unblock_intake.py,pathlib,10
hardware/tests/test_write_final_unblock_intake.py,create_xr_vits_replacement_policy,19
hardware/tests/test_write_final_unblock_intake.py,write_final_unblock_intake,20
hardware/tests/test_write_final_unblock_intake.py,test_validate_pynq_smoke_result,21
hardware/tests/test_write_hgpipe_operator_audit.py,__future__,2
hardware/tests/test_write_hgpipe_operator_audit.py,json,4
hardware/tests/test_write_hgpipe_operator_audit.py,sys,5
hardware/tests/test_write_hgpipe_operator_audit.py,tempfile,6
hardware/tests/test_write_hgpipe_operator_audit.py,unittest,7
hardware/tests/test_write_hgpipe_operator_audit.py,pathlib,8
hardware/tests/test_write_hgpipe_operator_audit.py,write_hgpipe_operator_audit,16
hardware/tests/test_write_p2_vit_scale_calibration_report.py,__future__,2
hardware/tests/test_write_p2_vit_scale_calibration_report.py,json,4
hardware/tests/test_write_p2_vit_scale_calibration_report.py,sys,5
hardware/tests/test_write_p2_vit_scale_calibration_report.py,tempfile,6
hardware/tests/test_write_p2_vit_scale_calibration_report.py,unittest,7
hardware/tests/test_write_p2_vit_scale_calibration_report.py,pathlib,8
hardware/tests/test_write_p2_vit_scale_calibration_report.py,write_p2_vit_scale_calibration_report,16
hardware/tests/test_write_prefetchall4_300_contract_audit.py,__future__,1
hardware/tests/test_write_prefetchall4_300_contract_audit.py,sys,3
hardware/tests/test_write_prefetchall4_300_contract_audit.py,unittest,4
hardware/tests/test_write_prefetchall4_300_contract_audit.py,pathlib,5
hardware/tests/test_write_prefetchall4_300_contract_audit.py,write_prefetchall4_300_contract_audit,12
hardware/tests/test_write_prefetchall4_300_goal_status.py,__future__,1
hardware/tests/test_write_prefetchall4_300_goal_status.py,sys,3
hardware/tests/test_write_prefetchall4_300_goal_status.py,unittest,4
hardware/tests/test_write_prefetchall4_300_goal_status.py,pathlib,5
hardware/tests/test_write_prefetchall4_300_goal_status.py,write_prefetchall4_300_goal_status,12
hardware/tests/test_write_prefetchall4_300_resource_breakdown.py,__future__,1
hardware/tests/test_write_prefetchall4_300_resource_breakdown.py,sys,3
hardware/tests/test_write_prefetchall4_300_resource_breakdown.py,tempfile,4
hardware/tests/test_write_prefetchall4_300_resource_breakdown.py,unittest,5
hardware/tests/test_write_prefetchall4_300_resource_breakdown.py,pathlib,6
hardware/tests/test_write_prefetchall4_300_resource_breakdown.py,write_prefetchall4_300_resource_breakdown,13
hardware/tests/test_write_req1_environment_audit.py,__future__,2
hardware/tests/test_write_req1_environment_audit.py,contextlib,4
hardware/tests/test_write_req1_environment_audit.py,io,5
hardware/tests/test_write_req1_environment_audit.py,json,6
hardware/tests/test_write_req1_environment_audit.py,sys,7
hardware/tests/test_write_req1_environment_audit.py,tempfile,8
hardware/tests/test_write_req1_environment_audit.py,unittest,9
hardware/tests/test_write_req1_environment_audit.py,pathlib,10
hardware/tests/test_write_req1_environment_audit.py,unittest,11
hardware/tests/test_write_req1_environment_audit.py,write_req1_environment_audit,19
hardware/tests/test_write_req2_spec_subagent_gate_audit.py,__future__,2
hardware/tests/test_write_req2_spec_subagent_gate_audit.py,json,4
hardware/tests/test_write_req2_spec_subagent_gate_audit.py,sys,5
hardware/tests/test_write_req2_spec_subagent_gate_audit.py,tempfile,6
hardware/tests/test_write_req2_spec_subagent_gate_audit.py,unittest,7
hardware/tests/test_write_req2_spec_subagent_gate_audit.py,pathlib,8
hardware/tests/test_write_req2_spec_subagent_gate_audit.py,unittest.mock,9
hardware/tests/test_write_req2_spec_subagent_gate_audit.py,write_req2_spec_subagent_gate_audit,17
hardware/tests/test_write_req5_q4q8_swhw_match_audit.py,__future__,2
hardware/tests/test_write_req5_q4q8_swhw_match_audit.py,json,4
hardware/tests/test_write_req5_q4q8_swhw_match_audit.py,hashlib,5
hardware/tests/test_write_req5_q4q8_swhw_match_audit.py,sys,6
hardware/tests/test_write_req5_q4q8_swhw_match_audit.py,tempfile,7
hardware/tests/test_write_req5_q4q8_swhw_match_audit.py,unittest,8
hardware/tests/test_write_req5_q4q8_swhw_match_audit.py,pathlib,9
hardware/tests/test_write_req5_q4q8_swhw_match_audit.py,write_req5_q4q8_swhw_match_audit,17
hardware/tests/test_write_req6_parameterization_audit.py,__future__,2
hardware/tests/test_write_req6_parameterization_audit.py,contextlib,4
hardware/tests/test_write_req6_parameterization_audit.py,io,5
hardware/tests/test_write_req6_parameterization_audit.py,json,6
hardware/tests/test_write_req6_parameterization_audit.py,sys,7
hardware/tests/test_write_req6_parameterization_audit.py,tempfile,8
hardware/tests/test_write_req6_parameterization_audit.py,unittest,9
hardware/tests/test_write_req6_parameterization_audit.py,pathlib,10
hardware/tests/test_write_req6_parameterization_audit.py,write_req6_parameterization_audit,18
hardware/tests/test_write_req9_deit_image_reference_audit.py,__future__,2
hardware/tests/test_write_req9_deit_image_reference_audit.py,contextlib,4
hardware/tests/test_write_req9_deit_image_reference_audit.py,io,5
hardware/tests/test_write_req9_deit_image_reference_audit.py,json,6
hardware/tests/test_write_req9_deit_image_reference_audit.py,sys,7
hardware/tests/test_write_req9_deit_image_reference_audit.py,tempfile,8
hardware/tests/test_write_req9_deit_image_reference_audit.py,unittest,9
hardware/tests/test_write_req9_deit_image_reference_audit.py,pathlib,10
hardware/tests/test_write_req9_deit_image_reference_audit.py,write_req9_deit_image_reference_audit,18
hardware/tests/test_write_selected_path_execution_audit.py,__future__,2
hardware/tests/test_write_selected_path_execution_audit.py,contextlib,4
hardware/tests/test_write_selected_path_execution_audit.py,io,5
hardware/tests/test_write_selected_path_execution_audit.py,json,6
hardware/tests/test_write_selected_path_execution_audit.py,sys,7
hardware/tests/test_write_selected_path_execution_audit.py,tempfile,8
hardware/tests/test_write_selected_path_execution_audit.py,unittest,9
hardware/tests/test_write_selected_path_execution_audit.py,pathlib,10
hardware/tests/test_write_selected_path_execution_audit.py,write_selected_path_execution_audit,17
hardware/tests/test_write_spec_plan_conformance_audit.py,__future__,2
hardware/tests/test_write_spec_plan_conformance_audit.py,contextlib,4
hardware/tests/test_write_spec_plan_conformance_audit.py,io,5
hardware/tests/test_write_spec_plan_conformance_audit.py,json,6
hardware/tests/test_write_spec_plan_conformance_audit.py,sys,7
hardware/tests/test_write_spec_plan_conformance_audit.py,tempfile,8
hardware/tests/test_write_spec_plan_conformance_audit.py,unittest,9
hardware/tests/test_write_spec_plan_conformance_audit.py,pathlib,10
hardware/tests/test_write_spec_plan_conformance_audit.py,write_spec_plan_conformance_audit,17
hardware/tests/test_write_third_goal_completion_audit.py,__future__,2
hardware/tests/test_write_third_goal_completion_audit.py,contextlib,4
hardware/tests/test_write_third_goal_completion_audit.py,io,5
hardware/tests/test_write_third_goal_completion_audit.py,json,6
hardware/tests/test_write_third_goal_completion_audit.py,sys,7
hardware/tests/test_write_third_goal_completion_audit.py,tempfile,8
hardware/tests/test_write_third_goal_completion_audit.py,unittest,9
hardware/tests/test_write_third_goal_completion_audit.py,pathlib,10
hardware/tests/test_write_third_goal_completion_audit.py,write_third_goal_completion_audit,19
hardware/tests/test_write_third_goal_completion_audit.py,write_final_evidence_manifest,20
hardware/tests/test_write_third_goal_completion_audit.py,test_write_final_evidence_manifest,21
hardware/tests/test_write_third_goal_current_audit.py,__future__,2
hardware/tests/test_write_third_goal_current_audit.py,json,4
hardware/tests/test_write_third_goal_current_audit.py,sys,5
hardware/tests/test_write_third_goal_current_audit.py,tempfile,6
hardware/tests/test_write_third_goal_current_audit.py,unittest,7
hardware/tests/test_write_third_goal_current_audit.py,pathlib,8
hardware/tests/test_write_third_goal_current_audit.py,write_third_goal_current_audit,16
hardware/tests/test_write_third_goal_requirements_trace.py,__future__,2
hardware/tests/test_write_third_goal_requirements_trace.py,contextlib,4
hardware/tests/test_write_third_goal_requirements_trace.py,io,5
hardware/tests/test_write_third_goal_requirements_trace.py,json,6
hardware/tests/test_write_third_goal_requirements_trace.py,sys,7
hardware/tests/test_write_third_goal_requirements_trace.py,tempfile,8
hardware/tests/test_write_third_goal_requirements_trace.py,unittest,9
hardware/tests/test_write_third_goal_requirements_trace.py,pathlib,10
hardware/tests/test_write_third_goal_requirements_trace.py,write_third_goal_requirements_trace,17
hardware/tests/test_write_third_goal_source_audit.py,__future__,2
hardware/tests/test_write_third_goal_source_audit.py,json,4
hardware/tests/test_write_third_goal_source_audit.py,sys,5
hardware/tests/test_write_third_goal_source_audit.py,tempfile,6
hardware/tests/test_write_third_goal_source_audit.py,unittest,7
hardware/tests/test_write_third_goal_source_audit.py,pathlib,8
hardware/tests/test_write_third_goal_source_audit.py,write_third_goal_source_audit,16
hardware/tests/test_write_third_goal_unblock_checklist.py,__future__,2
hardware/tests/test_write_third_goal_unblock_checklist.py,contextlib,4
hardware/tests/test_write_third_goal_unblock_checklist.py,io,5
hardware/tests/test_write_third_goal_unblock_checklist.py,json,6
hardware/tests/test_write_third_goal_unblock_checklist.py,sys,7
hardware/tests/test_write_third_goal_unblock_checklist.py,tempfile,8
hardware/tests/test_write_third_goal_unblock_checklist.py,unittest,9
hardware/tests/test_write_third_goal_unblock_checklist.py,pathlib,10
hardware/tests/test_write_third_goal_unblock_checklist.py,write_third_goal_unblock_checklist,17
hardware/tests/test_write_vref_p0_buffer_lifetime_audit.py,__future__,2
hardware/tests/test_write_vref_p0_buffer_lifetime_audit.py,contextlib,4
hardware/tests/test_write_vref_p0_buffer_lifetime_audit.py,io,5
hardware/tests/test_write_vref_p0_buffer_lifetime_audit.py,json,6
hardware/tests/test_write_vref_p0_buffer_lifetime_audit.py,sys,7
hardware/tests/test_write_vref_p0_buffer_lifetime_audit.py,tempfile,8
hardware/tests/test_write_vref_p0_buffer_lifetime_audit.py,unittest,9
hardware/tests/test_write_vref_p0_buffer_lifetime_audit.py,pathlib,10
hardware/tests/test_write_vref_p0_buffer_lifetime_audit.py,write_vref_p0_buffer_lifetime_audit,17
hardware/tests/test_write_vref_p0_pot_scale_audit.py,__future__,2
hardware/tests/test_write_vref_p0_pot_scale_audit.py,contextlib,4
hardware/tests/test_write_vref_p0_pot_scale_audit.py,io,5
hardware/tests/test_write_vref_p0_pot_scale_audit.py,json,6
hardware/tests/test_write_vref_p0_pot_scale_audit.py,sys,7
hardware/tests/test_write_vref_p0_pot_scale_audit.py,tempfile,8
hardware/tests/test_write_vref_p0_pot_scale_audit.py,unittest,9
hardware/tests/test_write_vref_p0_pot_scale_audit.py,pathlib,10
hardware/tests/test_write_vref_p0_pot_scale_audit.py,write_vref_p0_pot_scale_audit,17
hardware/tests/test_write_vref_p0_pot_scale_successor.py,__future__,2
hardware/tests/test_write_vref_p0_pot_scale_successor.py,contextlib,4
hardware/tests/test_write_vref_p0_pot_scale_successor.py,io,5
hardware/tests/test_write_vref_p0_pot_scale_successor.py,json,6
hardware/tests/test_write_vref_p0_pot_scale_successor.py,sys,7
hardware/tests/test_write_vref_p0_pot_scale_successor.py,tempfile,8
hardware/tests/test_write_vref_p0_pot_scale_successor.py,unittest,9
hardware/tests/test_write_vref_p0_pot_scale_successor.py,pathlib,10
hardware/tests/test_write_vref_p0_pot_scale_successor.py,write_vref_p0_pot_scale_successor,17
hardware/tests/test_write_vref_p0_pot_scale_sweep.py,__future__,2
hardware/tests/test_write_vref_p0_pot_scale_sweep.py,contextlib,4
hardware/tests/test_write_vref_p0_pot_scale_sweep.py,io,5
hardware/tests/test_write_vref_p0_pot_scale_sweep.py,json,6
hardware/tests/test_write_vref_p0_pot_scale_sweep.py,sys,7
hardware/tests/test_write_vref_p0_pot_scale_sweep.py,tempfile,8
hardware/tests/test_write_vref_p0_pot_scale_sweep.py,unittest,9
hardware/tests/test_write_vref_p0_pot_scale_sweep.py,pathlib,10
hardware/tests/test_write_vref_p0_pot_scale_sweep.py,write_vref_p0_pot_scale_sweep,17
hardware/tests/test_write_vref_p0_qkv_uram_cache_successor.py,__future__,2
hardware/tests/test_write_vref_p0_qkv_uram_cache_successor.py,json,4
hardware/tests/test_write_vref_p0_qkv_uram_cache_successor.py,sys,5
hardware/tests/test_write_vref_p0_qkv_uram_cache_successor.py,tempfile,6
hardware/tests/test_write_vref_p0_qkv_uram_cache_successor.py,unittest,7
hardware/tests/test_write_vref_p0_qkv_uram_cache_successor.py,pathlib,8
hardware/tests/test_write_vref_p0_qkv_uram_cache_successor.py,write_vref_p0_qkv_uram_cache_successor,16
hardware/tests/test_write_xr_vits_gate_audit.py,__future__,2
hardware/tests/test_write_xr_vits_gate_audit.py,json,4
hardware/tests/test_write_xr_vits_gate_audit.py,sys,5
hardware/tests/test_write_xr_vits_gate_audit.py,tempfile,6
hardware/tests/test_write_xr_vits_gate_audit.py,unittest,7
hardware/tests/test_write_xr_vits_gate_audit.py,pathlib,8
hardware/tests/test_write_xr_vits_gate_audit.py,write_xr_vits_gate_audit,16
hardware/tests/test_write_xr_vits_gate_audit.py,create_xr_vits_replacement_policy,17
hardware/tests/test_write_xr_vits_unblock_packet.py,__future__,2
hardware/tests/test_write_xr_vits_unblock_packet.py,contextlib,4
hardware/tests/test_write_xr_vits_unblock_packet.py,io,5
hardware/tests/test_write_xr_vits_unblock_packet.py,json,6
hardware/tests/test_write_xr_vits_unblock_packet.py,sys,7
hardware/tests/test_write_xr_vits_unblock_packet.py,tempfile,8
hardware/tests/test_write_xr_vits_unblock_packet.py,unittest,9
hardware/tests/test_write_xr_vits_unblock_packet.py,pathlib,10
hardware/tests/test_write_xr_vits_unblock_packet.py,write_xr_vits_unblock_packet,17
hardware/tests/test_xr_accel_config_schema.py,__future__,1
hardware/tests/test_xr_accel_config_schema.py,copy,3
hardware/tests/test_xr_accel_config_schema.py,hashlib,4
hardware/tests/test_xr_accel_config_schema.py,importlib.util,5
hardware/tests/test_xr_accel_config_schema.py,json,6
hardware/tests/test_xr_accel_config_schema.py,shutil,7
hardware/tests/test_xr_accel_config_schema.py,sys,8
hardware/tests/test_xr_accel_config_schema.py,tempfile,9
hardware/tests/test_xr_accel_config_schema.py,unittest,10
hardware/tests/test_xr_accel_config_schema.py,pathlib,11
hardware/tools/_bootstrap.py,__future__,1
hardware/tools/_bootstrap.py,sys,3
hardware/tools/_bootstrap.py,pathlib,4
hardware/tools/audit_final_unblock_candidates.py,__future__,4
hardware/tools/audit_final_unblock_candidates.py,argparse,6
hardware/tools/audit_final_unblock_candidates.py,json,7
hardware/tools/audit_final_unblock_candidates.py,pathlib,8
hardware/tools/audit_final_unblock_candidates.py,typing,9
hardware/tools/audit_final_unblock_candidates.py,create_xr_vits_replacement_policy,11
hardware/tools/audit_final_unblock_candidates.py,validate_pynq_smoke_result,12
hardware/tools/audit_reference_inputs.py,__future__,4
hardware/tools/audit_reference_inputs.py,argparse,6
hardware/tools/audit_reference_inputs.py,hashlib,7
hardware/tools/audit_reference_inputs.py,json,8
hardware/tools/audit_reference_inputs.py,pathlib,9
hardware/tools/audit_reference_inputs.py,typing,10
hardware/tools/audit_xr_vits_candidates.py,__future__,4
hardware/tools/audit_xr_vits_candidates.py,argparse,6
hardware/tools/audit_xr_vits_candidates.py,json,7
hardware/tools/audit_xr_vits_candidates.py,pathlib,8
hardware/tools/audit_xr_vits_candidates.py,typing,9
hardware/tools/check_c3b_board_smoke_readiness.py,__future__,4
hardware/tools/check_c3b_board_smoke_readiness.py,argparse,6
hardware/tools/check_c3b_board_smoke_readiness.py,json,7
hardware/tools/check_c3b_board_smoke_readiness.py,pathlib,8
hardware/tools/check_c3b_board_smoke_readiness.py,typing,9
hardware/tools/check_c3b_board_smoke_readiness.py,validate_pynq_bundle_package,11
hardware/tools/check_c3b_board_smoke_readiness.py,validate_pynq_smoke_result,12
hardware/tools/check_final_blocker_closure_readiness.py,__future__,4
hardware/tools/check_final_blocker_closure_readiness.py,argparse,6
hardware/tools/check_final_blocker_closure_readiness.py,json,7
hardware/tools/check_final_blocker_closure_readiness.py,pathlib,8
hardware/tools/check_final_blocker_closure_readiness.py,typing,9
hardware/tools/check_final_blocker_closure_readiness.py,audit_final_unblock_candidates,11
hardware/tools/check_final_blocker_closure_readiness.py,create_xr_vits_replacement_policy,12
hardware/tools/check_final_blocker_closure_readiness.py,discover_pynq_smoke_candidates,13
hardware/tools/check_final_blocker_closure_readiness.py,validate_pynq_smoke_result,14
hardware/tools/check_hls_axis_payload_contract.py,__future__,4
hardware/tools/check_hls_axis_payload_contract.py,argparse,6
hardware/tools/check_hls_axis_payload_contract.py,hashlib,7
hardware/tools/check_hls_axis_payload_contract.py,json,8
hardware/tools/check_hls_axis_payload_contract.py,re,9
hardware/tools/check_hls_axis_payload_contract.py,pathlib,10
hardware/tools/check_hls_axis_payload_contract.py,typing,11
hardware/tools/check_hls_xsimk_direct_probe.py,__future__,4
hardware/tools/check_hls_xsimk_direct_probe.py,argparse,6
hardware/tools/check_hls_xsimk_direct_probe.py,hashlib,7
hardware/tools/check_hls_xsimk_direct_probe.py,json,8
hardware/tools/check_hls_xsimk_direct_probe.py,re,9
hardware/tools/check_hls_xsimk_direct_probe.py,pathlib,10
hardware/tools/check_hls_xsimk_direct_probe.py,typing,11
hardware/tools/check_hls_xsimk_direct_probe.py,check_xsim_snapshot_smoke,13
hardware/tools/check_hls_xsimk_progress_probe.py,__future__,4
hardware/tools/check_hls_xsimk_progress_probe.py,argparse,6
hardware/tools/check_hls_xsimk_progress_probe.py,json,7
hardware/tools/check_hls_xsimk_progress_probe.py,re,8
hardware/tools/check_hls_xsimk_progress_probe.py,shutil,9
hardware/tools/check_hls_xsimk_progress_probe.py,pathlib,10
hardware/tools/check_hls_xsimk_progress_probe.py,typing,11
hardware/tools/check_hls_xsimk_progress_probe.py,check_hls_xsimk_direct_probe,13
hardware/tools/check_hls_xsimk_progress_probe.py,check_xsim_snapshot_smoke,19
hardware/tools/check_runtime_mode_board_latency_gate.py,__future__,4
hardware/tools/check_runtime_mode_board_latency_gate.py,argparse,6
hardware/tools/check_runtime_mode_board_latency_gate.py,json,7
hardware/tools/check_runtime_mode_board_latency_gate.py,pathlib,8
hardware/tools/check_runtime_mode_board_latency_gate.py,typing,9
hardware/tools/check_runtime_mode_board_latency_gate.py,validate_pynq_smoke_result,11
hardware/tools/check_third_goal_preflight.py,__future__,4
hardware/tools/check_third_goal_preflight.py,argparse,6
hardware/tools/check_third_goal_preflight.py,hashlib,7
hardware/tools/check_third_goal_preflight.py,json,8
hardware/tools/check_third_goal_preflight.py,shutil,9
hardware/tools/check_third_goal_preflight.py,pathlib,10
hardware/tools/check_third_goal_preflight.py,typing,11
hardware/tools/check_third_goal_preflight.py,create_xr_vits_replacement_policy,13
hardware/tools/check_third_goal_preflight.py,validate_pynq_smoke_result,14
hardware/tools/check_third_goal_preflight.py,validate_pynq_bundle_package,15
hardware/tools/check_xr_vits_reference_resolution.py,__future__,4
hardware/tools/check_xr_vits_reference_resolution.py,argparse,6
hardware/tools/check_xr_vits_reference_resolution.py,json,7
hardware/tools/check_xr_vits_reference_resolution.py,pathlib,8
hardware/tools/check_xr_vits_reference_resolution.py,typing,9
hardware/tools/check_xr_vits_reference_resolution.py,create_xr_vits_replacement_policy,11
hardware/tools/check_xr_vits_reference_resolution.py,check_final_blocker_closure_readiness,12
hardware/tools/check_xr_vits_reference_resolution.py,validate_pynq_smoke_result,13
hardware/tools/check_xsim_snapshot_smoke.py,__future__,10
hardware/tools/check_xsim_snapshot_smoke.py,argparse,12
hardware/tools/check_xsim_snapshot_smoke.py,json,13
hardware/tools/check_xsim_snapshot_smoke.py,os,14
hardware/tools/check_xsim_snapshot_smoke.py,select,15
hardware/tools/check_xsim_snapshot_smoke.py,shutil,16
hardware/tools/check_xsim_snapshot_smoke.py,subprocess,17
hardware/tools/check_xsim_snapshot_smoke.py,tempfile,18
hardware/tools/check_xsim_snapshot_smoke.py,time,19
hardware/tools/check_xsim_snapshot_smoke.py,pathlib,20
hardware/tools/check_xsim_snapshot_smoke.py,typing,21
hardware/tools/compare_hw_sw.py,__future__,1
hardware/tools/compare_hw_sw.py,argparse,3
hardware/tools/compare_hw_sw.py,pathlib,4
hardware/tools/compare_hw_sw.py,numpy,6
hardware/tools/compare_hw_sw.py,_bootstrap,8
hardware/tools/compare_hw_sw.py,software.io,9
hardware/tools/create_xr_vits_replacement_policy.py,__future__,4
hardware/tools/create_xr_vits_replacement_policy.py,argparse,6
hardware/tools/create_xr_vits_replacement_policy.py,hashlib,7
hardware/tools/create_xr_vits_replacement_policy.py,json,8
hardware/tools/create_xr_vits_replacement_policy.py,datetime,9
hardware/tools/create_xr_vits_replacement_policy.py,pathlib,10
hardware/tools/create_xr_vits_replacement_policy.py,typing,11
hardware/tools/diagnose_hls_cosim_xsim.py,__future__,4
hardware/tools/diagnose_hls_cosim_xsim.py,argparse,6
hardware/tools/diagnose_hls_cosim_xsim.py,json,7
hardware/tools/diagnose_hls_cosim_xsim.py,re,8
hardware/tools/diagnose_hls_cosim_xsim.py,pathlib,9
hardware/tools/diagnose_hls_cosim_xsim.py,typing,10
hardware/tools/discover_c3b_smoke_candidates.py,__future__,4
hardware/tools/discover_c3b_smoke_candidates.py,argparse,6
hardware/tools/discover_c3b_smoke_candidates.py,json,7
hardware/tools/discover_c3b_smoke_candidates.py,pathlib,8
hardware/tools/discover_c3b_smoke_candidates.py,typing,9
hardware/tools/discover_c3b_smoke_candidates.py,validate_pynq_smoke_result,11
hardware/tools/discover_pynq_smoke_candidates.py,__future__,4
hardware/tools/discover_pynq_smoke_candidates.py,argparse,6
hardware/tools/discover_pynq_smoke_candidates.py,json,7
hardware/tools/discover_pynq_smoke_candidates.py,pathlib,8
hardware/tools/discover_pynq_smoke_candidates.py,typing,9
hardware/tools/discover_pynq_smoke_candidates.py,validate_pynq_smoke_result,11
hardware/tools/export_e2e_m_axi_weights.py,__future__,2
hardware/tools/export_e2e_m_axi_weights.py,argparse,4
hardware/tools/export_e2e_m_axi_weights.py,hashlib,5
hardware/tools/export_e2e_m_axi_weights.py,json,6
hardware/tools/export_e2e_m_axi_weights.py,pathlib,7
hardware/tools/export_e2e_m_axi_weights.py,sys,8
hardware/tools/export_e2e_m_axi_weights.py,typing,9
hardware/tools/export_e2e_m_axi_weights.py,numpy,11
hardware/tools/export_e2e_m_axi_weights.py,hgtxr,18
hardware/tools/export_s2_pytorch_golden.py,__future__,2
hardware/tools/export_s2_pytorch_golden.py,argparse,4
hardware/tools/export_s2_pytorch_golden.py,json,5
hardware/tools/export_s2_pytorch_golden.py,dataclasses,6
hardware/tools/export_s2_pytorch_golden.py,pathlib,7
hardware/tools/export_s2_pytorch_golden.py,typing,8
hardware/tools/export_s2_pytorch_golden.py,numpy,10
hardware/tools/export_s2_pytorch_golden.py,torch,11
hardware/tools/export_s2_pytorch_golden.py,_bootstrap,13
hardware/tools/export_s2_pytorch_golden.py,pack_cyclic_weights,14
hardware/tools/export_s2_pytorch_golden.py,validate_s2_block_full,15
hardware/tools/export_s2_pytorch_golden.py,validate_s2_block_preln,16
hardware/tools/export_s2_pytorch_golden.py,software.config,17
hardware/tools/export_s2_pytorch_golden.py,software.model,18
hardware/tools/export_test_vectors.py,__future__,1
hardware/tools/export_test_vectors.py,argparse,3
hardware/tools/export_test_vectors.py,pathlib,4
hardware/tools/export_test_vectors.py,numpy,6
hardware/tools/export_test_vectors.py,_bootstrap,8
hardware/tools/export_test_vectors.py,software.dataset,9
hardware/tools/export_test_vectors.py,software.io,10
hardware/tools/export_weights.py,__future__,1
hardware/tools/export_weights.py,argparse,3
hardware/tools/export_weights.py,pathlib,4
hardware/tools/export_weights.py,torch,6
hardware/tools/export_weights.py,_bootstrap,8
hardware/tools/export_weights.py,software.config,9
hardware/tools/export_weights.py,software.io,10
hardware/tools/export_weights.py,software.model,11
hardware/tools/extract_resource_metrics.py,__future__,9
hardware/tools/extract_resource_metrics.py,argparse,11
hardware/tools/extract_resource_metrics.py,csv,12
hardware/tools/extract_resource_metrics.py,re,13
hardware/tools/extract_resource_metrics.py,datetime,14
hardware/tools/extract_resource_metrics.py,pathlib,15
hardware/tools/gen_cleanup_dry_run_2026_06_09.py,__future__,1
hardware/tools/gen_cleanup_dry_run_2026_06_09.py,csv,3
hardware/tools/gen_cleanup_dry_run_2026_06_09.py,os,4
hardware/tools/gen_cleanup_dry_run_2026_06_09.py,subprocess,5
hardware/tools/gen_cleanup_dry_run_2026_06_09.py,datetime,6
hardware/tools/gen_cleanup_dry_run_2026_06_09.py,pathlib,7
hardware/tools/generate_hls_config.py,__future__,1
hardware/tools/generate_hls_config.py,argparse,3
hardware/tools/generate_hls_config.py,pathlib,4
hardware/tools/generate_hls_config.py,_bootstrap,6
hardware/tools/generate_hls_config.py,software.config,7
hardware/tools/generate_hls_config.py,software.io,8
hardware/tools/hgtxr_sweep_expand.py,__future__,4
hardware/tools/hgtxr_sweep_expand.py,argparse,6
hardware/tools/hgtxr_sweep_expand.py,csv,7
hardware/tools/hgtxr_sweep_expand.py,hashlib,8
hardware/tools/hgtxr_sweep_expand.py,itertools,9
hardware/tools/hgtxr_sweep_expand.py,json,10
hardware/tools/hgtxr_sweep_expand.py,datetime,11
hardware/tools/hgtxr_sweep_expand.py,pathlib,12
hardware/tools/hgtxr_sweep_expand.py,yaml,18
hardware/tools/import_pynq_smoke_result.py,__future__,4
hardware/tools/import_pynq_smoke_result.py,argparse,6
hardware/tools/import_pynq_smoke_result.py,json,7
hardware/tools/import_pynq_smoke_result.py,shutil,8
hardware/tools/import_pynq_smoke_result.py,hashlib,9
hardware/tools/import_pynq_smoke_result.py,pathlib,10
hardware/tools/import_pynq_smoke_result.py,typing,11
hardware/tools/import_pynq_smoke_result.py,validate_pynq_smoke_result,13
hardware/tools/overlay_preview.py,__future__,1
hardware/tools/overlay_preview.py,visualize,3
hardware/tools/pack_cyclic_weights.py,__future__,10
hardware/tools/pack_cyclic_weights.py,argparse,12
hardware/tools/pack_cyclic_weights.py,json,13
hardware/tools/pack_cyclic_weights.py,math,14
hardware/tools/pack_cyclic_weights.py,dataclasses,15
hardware/tools/pack_cyclic_weights.py,pathlib,16
hardware/tools/pack_cyclic_weights.py,typing,17
hardware/tools/pack_cyclic_weights.py,numpy,19
hardware/tools/pack_cyclic_weights.py,torch,101
hardware/tools/package_e2e_axis_dma_pynq_bundle.py,__future__,2
hardware/tools/package_e2e_axis_dma_pynq_bundle.py,argparse,4
hardware/tools/package_e2e_axis_dma_pynq_bundle.py,hashlib,5
hardware/tools/package_e2e_axis_dma_pynq_bundle.py,json,6
hardware/tools/package_e2e_axis_dma_pynq_bundle.py,shutil,7
hardware/tools/package_e2e_axis_dma_pynq_bundle.py,tarfile,8
hardware/tools/package_e2e_axis_dma_pynq_bundle.py,pathlib,9
hardware/tools/package_e2e_axis_dma_pynq_bundle.py,typing,10
hardware/tools/package_e2e_m_axi_pynq_bundle.py,__future__,2
hardware/tools/package_e2e_m_axi_pynq_bundle.py,argparse,4
hardware/tools/package_e2e_m_axi_pynq_bundle.py,hashlib,5
hardware/tools/package_e2e_m_axi_pynq_bundle.py,json,6
hardware/tools/package_e2e_m_axi_pynq_bundle.py,shutil,7
hardware/tools/package_e2e_m_axi_pynq_bundle.py,tarfile,8
hardware/tools/package_e2e_m_axi_pynq_bundle.py,pathlib,9
hardware/tools/package_e2e_m_axi_pynq_bundle.py,typing,10
hardware/tools/prepare_zcu104_smoke_session.py,__future__,4
hardware/tools/prepare_zcu104_smoke_session.py,argparse,6
hardware/tools/prepare_zcu104_smoke_session.py,json,7
hardware/tools/prepare_zcu104_smoke_session.py,pathlib,8
hardware/tools/prepare_zcu104_smoke_session.py,typing,9
hardware/tools/prepare_zcu104_smoke_session.py,import_pynq_smoke_result,11
hardware/tools/prepare_zcu104_smoke_session.py,validate_pynq_bundle_package,12
hardware/tools/repair_hls_to_pynq.py,__future__,14
hardware/tools/repair_hls_to_pynq.py,argparse,16
hardware/tools/repair_hls_to_pynq.py,shutil,17
hardware/tools/repair_hls_to_pynq.py,pathlib,18
hardware/tools/run_runtime_mode_board_latency.py,__future__,4
hardware/tools/run_runtime_mode_board_latency.py,argparse,6
hardware/tools/run_runtime_mode_board_latency.py,json,7
hardware/tools/run_runtime_mode_board_latency.py,socket,8
hardware/tools/run_runtime_mode_board_latency.py,pathlib,9
hardware/tools/run_runtime_mode_board_latency.py,typing,10
hardware/tools/run_runtime_mode_board_latency.py,check_runtime_mode_board_latency_gate,12
hardware/tools/run_runtime_mode_board_latency.py,check_runtime_mode_board_latency_gate,13
hardware/tools/run_runtime_mode_board_latency.py,run_zcu104_c3b_smoke_remote,14
hardware/tools/run_third_goal_final_signoff.py,__future__,4
hardware/tools/run_third_goal_final_signoff.py,argparse,6
hardware/tools/run_third_goal_final_signoff.py,hashlib,7
hardware/tools/run_third_goal_final_signoff.py,json,8
hardware/tools/run_third_goal_final_signoff.py,shutil,9
hardware/tools/run_third_goal_final_signoff.py,sys,10
hardware/tools/run_third_goal_final_signoff.py,pathlib,11
hardware/tools/run_third_goal_final_signoff.py,typing,12
hardware/tools/run_third_goal_final_signoff.py,audit_final_unblock_candidates,14
hardware/tools/run_third_goal_final_signoff.py,check_c3b_board_smoke_readiness,15
hardware/tools/run_third_goal_final_signoff.py,check_final_blocker_closure_readiness,16
hardware/tools/run_third_goal_final_signoff.py,check_third_goal_preflight,17
hardware/tools/run_third_goal_final_signoff.py,create_xr_vits_replacement_policy,18
hardware/tools/run_third_goal_final_signoff.py,discover_c3b_smoke_candidates,19
hardware/tools/run_third_goal_final_signoff.py,discover_pynq_smoke_candidates,20
hardware/tools/run_third_goal_final_signoff.py,check_xr_vits_reference_resolution,21
hardware/tools/run_third_goal_final_signoff.py,import_pynq_smoke_result,22
hardware/tools/run_third_goal_final_signoff.py,run_zcu104_c3b_smoke_remote,23
hardware/tools/run_third_goal_final_signoff.py,validate_final_operator_handoff,24
hardware/tools/run_third_goal_final_signoff.py,validate_final_signoff_bundle,25
hardware/tools/run_third_goal_final_signoff.py,validate_final_unblock_closeout_packet,26
hardware/tools/run_third_goal_final_signoff.py,write_e2e_resource_matrix,27
hardware/tools/run_third_goal_final_signoff.py,write_e2e_resource_policy_audit,28
hardware/tools/run_third_goal_final_signoff.py,write_final_evidence_manifest,29
hardware/tools/run_third_goal_final_signoff.py,write_final_operator_handoff,30
hardware/tools/run_third_goal_final_signoff.py,write_final_signoff_audit,31
hardware/tools/run_third_goal_final_signoff.py,write_final_unblock_commands,32
hardware/tools/run_third_goal_final_signoff.py,write_final_unblock_closeout_packet,33
hardware/tools/run_third_goal_final_signoff.py,write_final_unblock_intake,34
hardware/tools/run_third_goal_final_signoff.py,write_c3b_smoke_result_contract,35
hardware/tools/run_third_goal_final_signoff.py,write_c3b_smoke_transfer_manifest,36
hardware/tools/run_third_goal_final_signoff.py,write_c3b_physical_smoke_gate_audit,37
hardware/tools/run_third_goal_final_signoff.py,write_hgpipe_operator_audit,38
hardware/tools/run_third_goal_final_signoff.py,write_p2_vit_scale_calibration_report,39
hardware/tools/run_third_goal_final_signoff.py,write_req5_q4q8_swhw_match_audit,40
hardware/tools/run_third_goal_final_signoff.py,write_req1_environment_audit,41
hardware/tools/run_third_goal_final_signoff.py,write_req6_parameterization_audit,42
hardware/tools/run_third_goal_final_signoff.py,write_req9_deit_image_reference_audit,43
hardware/tools/run_third_goal_final_signoff.py,write_selected_path_execution_audit,44
hardware/tools/run_third_goal_final_signoff.py,write_spec_plan_conformance_audit,45
hardware/tools/run_third_goal_final_signoff.py,write_third_goal_completion_audit,46
hardware/tools/run_third_goal_final_signoff.py,write_third_goal_current_audit,47
hardware/tools/run_third_goal_final_signoff.py,write_third_goal_requirements_trace,48
hardware/tools/run_third_goal_final_signoff.py,write_third_goal_source_audit,49
hardware/tools/run_third_goal_final_signoff.py,write_third_goal_unblock_checklist,50
hardware/tools/run_third_goal_final_signoff.py,write_vref_p0_buffer_lifetime_audit,51
hardware/tools/run_third_goal_final_signoff.py,write_vref_p0_pot_scale_audit,52
hardware/tools/run_third_goal_final_signoff.py,write_vref_p0_pot_scale_sweep,53
hardware/tools/run_third_goal_final_signoff.py,write_vref_p0_qkv_uram_cache_successor,54
hardware/tools/run_third_goal_final_signoff.py,write_xr_vits_gate_audit,55
hardware/tools/run_third_goal_final_signoff.py,write_xr_vits_unblock_packet,56
hardware/tools/run_zcu104_c3b_smoke_remote.py,__future__,4
hardware/tools/run_zcu104_c3b_smoke_remote.py,argparse,6
hardware/tools/run_zcu104_c3b_smoke_remote.py,json,7
hardware/tools/run_zcu104_c3b_smoke_remote.py,shlex,8
hardware/tools/run_zcu104_c3b_smoke_remote.py,subprocess,9
hardware/tools/run_zcu104_c3b_smoke_remote.py,pathlib,10
hardware/tools/run_zcu104_c3b_smoke_remote.py,typing,11
hardware/tools/run_zcu104_c3b_smoke_remote.py,import_pynq_smoke_result,13
hardware/tools/run_zcu104_c3b_smoke_remote.py,validate_pynq_bundle_package,14
hardware/tools/static_validate_hgtxr.py,__future__,4
hardware/tools/static_validate_hgtxr.py,argparse,6
hardware/tools/static_validate_hgtxr.py,shutil,7
hardware/tools/static_validate_hgtxr.py,pathlib,8
hardware/tools/update_e2e_docs_2026_06_09.py,pathlib,2
hardware/tools/update_e2e_full_docs_2026_06_09.py,pathlib,1
hardware/tools/update_e2e_full_vit_2026_06_09.py,pathlib,1
hardware/tools/validate_e2e_axis_vector.py,__future__,4
hardware/tools/validate_e2e_axis_vector.py,argparse,6
hardware/tools/validate_e2e_axis_vector.py,json,7
hardware/tools/validate_e2e_axis_vector.py,sys,8
hardware/tools/validate_e2e_axis_vector.py,dataclasses,9
hardware/tools/validate_e2e_axis_vector.py,pathlib,10
hardware/tools/validate_e2e_axis_vector.py,typing,11
hardware/tools/validate_final_operator_handoff.py,__future__,4
hardware/tools/validate_final_operator_handoff.py,argparse,6
hardware/tools/validate_final_operator_handoff.py,json,7
hardware/tools/validate_final_operator_handoff.py,pathlib,8
hardware/tools/validate_final_operator_handoff.py,typing,9
hardware/tools/validate_final_operator_handoff.py,create_xr_vits_replacement_policy,11
hardware/tools/validate_final_signoff_bundle.py,__future__,4
hardware/tools/validate_final_signoff_bundle.py,argparse,6
hardware/tools/validate_final_signoff_bundle.py,json,7
hardware/tools/validate_final_signoff_bundle.py,pathlib,8
hardware/tools/validate_final_signoff_bundle.py,typing,9
hardware/tools/validate_final_signoff_bundle.py,create_xr_vits_replacement_policy,11
hardware/tools/validate_final_unblock_closeout_packet.py,__future__,4
hardware/tools/validate_final_unblock_closeout_packet.py,argparse,6
hardware/tools/validate_final_unblock_closeout_packet.py,json,7
hardware/tools/validate_final_unblock_closeout_packet.py,pathlib,8
hardware/tools/validate_final_unblock_closeout_packet.py,typing,9
hardware/tools/validate_final_unblock_closeout_packet.py,create_xr_vits_replacement_policy,11
hardware/tools/validate_hgpipe_lut_math.py,__future__,2
hardware/tools/validate_hgpipe_lut_math.py,argparse,3
hardware/tools/validate_hgpipe_lut_math.py,json,4
hardware/tools/validate_hgpipe_lut_math.py,math,5
hardware/tools/validate_hgpipe_lut_math.py,re,6
hardware/tools/validate_hgpipe_lut_math.py,pathlib,7
hardware/tools/validate_pynq_bundle_package.py,__future__,4
hardware/tools/validate_pynq_bundle_package.py,argparse,6
hardware/tools/validate_pynq_bundle_package.py,hashlib,7
hardware/tools/validate_pynq_bundle_package.py,json,8
hardware/tools/validate_pynq_bundle_package.py,tarfile,9
hardware/tools/validate_pynq_bundle_package.py,pathlib,10
hardware/tools/validate_pynq_bundle_package.py,typing,11
hardware/tools/validate_pynq_smoke_result.py,__future__,4
hardware/tools/validate_pynq_smoke_result.py,argparse,6
hardware/tools/validate_pynq_smoke_result.py,json,7
hardware/tools/validate_pynq_smoke_result.py,pathlib,8
hardware/tools/validate_pynq_smoke_result.py,typing,9
hardware/tools/validate_s2_block_full.py,__future__,2
hardware/tools/validate_s2_block_full.py,argparse,4
hardware/tools/validate_s2_block_full.py,json,5
hardware/tools/validate_s2_block_full.py,dataclasses,6
hardware/tools/validate_s2_block_full.py,pathlib,7
hardware/tools/validate_s2_block_full.py,typing,8
hardware/tools/validate_s2_block_full.py,numpy,10
hardware/tools/validate_s2_block_full.py,pack_cyclic_weights,12
hardware/tools/validate_s2_block_full.py,validate_s2_block_preln,13
hardware/tools/validate_s2_block_preln.py,__future__,2
hardware/tools/validate_s2_block_preln.py,argparse,4
hardware/tools/validate_s2_block_preln.py,json,5
hardware/tools/validate_s2_block_preln.py,dataclasses,6
hardware/tools/validate_s2_block_preln.py,pathlib,7
hardware/tools/validate_s2_block_preln.py,typing,8
hardware/tools/validate_s2_block_preln.py,numpy,10
hardware/tools/validate_s2_block_preln.py,pack_cyclic_weights,12
hardware/tools/write_c3b_physical_smoke_gate_audit.py,__future__,4
hardware/tools/write_c3b_physical_smoke_gate_audit.py,argparse,6
hardware/tools/write_c3b_physical_smoke_gate_audit.py,json,7
hardware/tools/write_c3b_physical_smoke_gate_audit.py,sys,8
hardware/tools/write_c3b_physical_smoke_gate_audit.py,pathlib,9
hardware/tools/write_c3b_physical_smoke_gate_audit.py,typing,10
hardware/tools/write_c3b_physical_smoke_gate_audit.py,validate_pynq_bundle_package,16
hardware/tools/write_c3b_physical_smoke_gate_audit.py,validate_pynq_smoke_result,17
hardware/tools/write_c3b_protection_checklist.py,__future__,4
hardware/tools/write_c3b_protection_checklist.py,argparse,6
hardware/tools/write_c3b_protection_checklist.py,json,7
hardware/tools/write_c3b_protection_checklist.py,re,8
hardware/tools/write_c3b_protection_checklist.py,sys,9
hardware/tools/write_c3b_protection_checklist.py,pathlib,10
hardware/tools/write_c3b_protection_checklist.py,typing,11
hardware/tools/write_c3b_protection_checklist.py,validate_pynq_smoke_result,13
hardware/tools/write_c3b_smoke_result_contract.py,__future__,4
hardware/tools/write_c3b_smoke_result_contract.py,argparse,6
hardware/tools/write_c3b_smoke_result_contract.py,json,7
hardware/tools/write_c3b_smoke_result_contract.py,pathlib,8
hardware/tools/write_c3b_smoke_result_contract.py,typing,9
hardware/tools/write_c3b_smoke_result_contract.py,import_pynq_smoke_result,11
hardware/tools/write_c3b_smoke_result_contract.py,validate_pynq_smoke_result,12
hardware/tools/write_c3b_smoke_transfer_manifest.py,__future__,4
hardware/tools/write_c3b_smoke_transfer_manifest.py,argparse,6
hardware/tools/write_c3b_smoke_transfer_manifest.py,json,7
hardware/tools/write_c3b_smoke_transfer_manifest.py,pathlib,8
hardware/tools/write_c3b_smoke_transfer_manifest.py,typing,9
hardware/tools/write_c3b_smoke_transfer_manifest.py,validate_pynq_bundle_package,11
hardware/tools/write_e2e_resource_matrix.py,__future__,4
hardware/tools/write_e2e_resource_matrix.py,argparse,6
hardware/tools/write_e2e_resource_matrix.py,json,7
hardware/tools/write_e2e_resource_matrix.py,re,8
hardware/tools/write_e2e_resource_matrix.py,xml.etree.ElementTree,9
hardware/tools/write_e2e_resource_matrix.py,pathlib,10
hardware/tools/write_e2e_resource_matrix.py,typing,11
hardware/tools/write_e2e_resource_policy_audit.py,__future__,4
hardware/tools/write_e2e_resource_policy_audit.py,argparse,6
hardware/tools/write_e2e_resource_policy_audit.py,json,7
hardware/tools/write_e2e_resource_policy_audit.py,re,8
hardware/tools/write_e2e_resource_policy_audit.py,pathlib,9
hardware/tools/write_e2e_resource_policy_audit.py,typing,10
hardware/tools/write_e2e_resource_policy_audit.py,write_e2e_resource_matrix,12
hardware/tools/write_final_evidence_manifest.py,__future__,4
hardware/tools/write_final_evidence_manifest.py,argparse,6
hardware/tools/write_final_evidence_manifest.py,hashlib,7
hardware/tools/write_final_evidence_manifest.py,json,8
hardware/tools/write_final_evidence_manifest.py,pathlib,9
hardware/tools/write_final_evidence_manifest.py,typing,10
hardware/tools/write_final_operator_handoff.py,__future__,4
hardware/tools/write_final_operator_handoff.py,argparse,6
hardware/tools/write_final_operator_handoff.py,json,7
hardware/tools/write_final_operator_handoff.py,pathlib,8
hardware/tools/write_final_operator_handoff.py,typing,9
hardware/tools/write_final_operator_handoff.py,create_xr_vits_replacement_policy,11
hardware/tools/write_final_signoff_audit.py,__future__,4
hardware/tools/write_final_signoff_audit.py,argparse,6
hardware/tools/write_final_signoff_audit.py,json,7
hardware/tools/write_final_signoff_audit.py,pathlib,8
hardware/tools/write_final_signoff_audit.py,typing,9
hardware/tools/write_final_unblock_closeout_packet.py,__future__,4
hardware/tools/write_final_unblock_closeout_packet.py,argparse,6
hardware/tools/write_final_unblock_closeout_packet.py,hashlib,7
hardware/tools/write_final_unblock_closeout_packet.py,json,8
hardware/tools/write_final_unblock_closeout_packet.py,pathlib,9
hardware/tools/write_final_unblock_closeout_packet.py,typing,10
hardware/tools/write_final_unblock_closeout_packet.py,create_xr_vits_replacement_policy,12
hardware/tools/write_final_unblock_commands.py,__future__,4
hardware/tools/write_final_unblock_commands.py,argparse,6
hardware/tools/write_final_unblock_commands.py,json,7
hardware/tools/write_final_unblock_commands.py,pathlib,8
hardware/tools/write_final_unblock_commands.py,typing,9
hardware/tools/write_final_unblock_intake.py,__future__,4
hardware/tools/write_final_unblock_intake.py,argparse,6
hardware/tools/write_final_unblock_intake.py,json,7
hardware/tools/write_final_unblock_intake.py,pathlib,8
hardware/tools/write_final_unblock_intake.py,typing,9
hardware/tools/write_final_unblock_intake.py,audit_final_unblock_candidates,11
hardware/tools/write_final_unblock_intake.py,check_final_blocker_closure_readiness,12
hardware/tools/write_hgpipe_operator_audit.py,__future__,4
hardware/tools/write_hgpipe_operator_audit.py,argparse,6
hardware/tools/write_hgpipe_operator_audit.py,json,7
hardware/tools/write_hgpipe_operator_audit.py,math,8
hardware/tools/write_hgpipe_operator_audit.py,re,9
hardware/tools/write_hgpipe_operator_audit.py,sys,10
hardware/tools/write_hgpipe_operator_audit.py,pathlib,11
hardware/tools/write_hgpipe_operator_audit.py,typing,12
hardware/tools/write_hgpipe_operator_audit.py,validate_hgpipe_lut_math,18
hardware/tools/write_p2_vit_scale_calibration_report.py,__future__,4
hardware/tools/write_p2_vit_scale_calibration_report.py,argparse,6
hardware/tools/write_p2_vit_scale_calibration_report.py,json,7
hardware/tools/write_p2_vit_scale_calibration_report.py,pathlib,8
hardware/tools/write_p2_vit_scale_calibration_report.py,typing,9
hardware/tools/write_patch32_dtok4_300_goal_status.py,__future__,4
hardware/tools/write_patch32_dtok4_300_goal_status.py,argparse,6
hardware/tools/write_patch32_dtok4_300_goal_status.py,json,7
hardware/tools/write_patch32_dtok4_300_goal_status.py,re,8
hardware/tools/write_patch32_dtok4_300_goal_status.py,pathlib,9
hardware/tools/write_patch32_dtok4_300_goal_status.py,typing,10
hardware/tools/write_prefetchall4_300_contract_audit.py,__future__,4
hardware/tools/write_prefetchall4_300_contract_audit.py,argparse,6
hardware/tools/write_prefetchall4_300_contract_audit.py,json,7
hardware/tools/write_prefetchall4_300_contract_audit.py,pathlib,8
hardware/tools/write_prefetchall4_300_contract_audit.py,typing,9
hardware/tools/write_prefetchall4_300_goal_status.py,__future__,4
hardware/tools/write_prefetchall4_300_goal_status.py,argparse,6
hardware/tools/write_prefetchall4_300_goal_status.py,json,7
hardware/tools/write_prefetchall4_300_goal_status.py,re,8
hardware/tools/write_prefetchall4_300_goal_status.py,pathlib,9
hardware/tools/write_prefetchall4_300_goal_status.py,typing,10
hardware/tools/write_prefetchall4_300_resource_breakdown.py,__future__,4
hardware/tools/write_prefetchall4_300_resource_breakdown.py,argparse,6
hardware/tools/write_prefetchall4_300_resource_breakdown.py,json,7
hardware/tools/write_prefetchall4_300_resource_breakdown.py,re,8
hardware/tools/write_prefetchall4_300_resource_breakdown.py,pathlib,9
hardware/tools/write_prefetchall4_300_resource_breakdown.py,typing,10
hardware/tools/write_req1_environment_audit.py,__future__,4
hardware/tools/write_req1_environment_audit.py,argparse,6
hardware/tools/write_req1_environment_audit.py,json,7
hardware/tools/write_req1_environment_audit.py,os,8
hardware/tools/write_req1_environment_audit.py,platform,9
hardware/tools/write_req1_environment_audit.py,pathlib,10
hardware/tools/write_req1_environment_audit.py,typing,11
hardware/tools/write_req2_spec_subagent_gate_audit.py,__future__,4
hardware/tools/write_req2_spec_subagent_gate_audit.py,argparse,6
hardware/tools/write_req2_spec_subagent_gate_audit.py,json,7
hardware/tools/write_req2_spec_subagent_gate_audit.py,shutil,8
hardware/tools/write_req2_spec_subagent_gate_audit.py,pathlib,9
hardware/tools/write_req2_spec_subagent_gate_audit.py,typing,10
hardware/tools/write_req5_q4q8_swhw_match_audit.py,__future__,4
hardware/tools/write_req5_q4q8_swhw_match_audit.py,argparse,6
hardware/tools/write_req5_q4q8_swhw_match_audit.py,hashlib,7
hardware/tools/write_req5_q4q8_swhw_match_audit.py,json,8
hardware/tools/write_req5_q4q8_swhw_match_audit.py,re,9
hardware/tools/write_req5_q4q8_swhw_match_audit.py,pathlib,10
hardware/tools/write_req5_q4q8_swhw_match_audit.py,typing,11
hardware/tools/write_req6_parameterization_audit.py,__future__,4
hardware/tools/write_req6_parameterization_audit.py,argparse,6
hardware/tools/write_req6_parameterization_audit.py,json,7
hardware/tools/write_req6_parameterization_audit.py,re,8
hardware/tools/write_req6_parameterization_audit.py,pathlib,9
hardware/tools/write_req6_parameterization_audit.py,typing,10
hardware/tools/write_req6_parameterization_audit.py,yaml,12
hardware/tools/write_req9_deit_image_reference_audit.py,__future__,4
hardware/tools/write_req9_deit_image_reference_audit.py,argparse,6
hardware/tools/write_req9_deit_image_reference_audit.py,hashlib,7
hardware/tools/write_req9_deit_image_reference_audit.py,json,8
hardware/tools/write_req9_deit_image_reference_audit.py,pathlib,9
hardware/tools/write_req9_deit_image_reference_audit.py,typing,10
hardware/tools/write_selected_path_execution_audit.py,__future__,4
hardware/tools/write_selected_path_execution_audit.py,argparse,6
hardware/tools/write_selected_path_execution_audit.py,json,7
hardware/tools/write_selected_path_execution_audit.py,pathlib,8
hardware/tools/write_selected_path_execution_audit.py,typing,9
hardware/tools/write_selected_path_execution_audit.py,write_e2e_resource_matrix,11
hardware/tools/write_spec_plan_conformance_audit.py,__future__,4
hardware/tools/write_spec_plan_conformance_audit.py,argparse,6
hardware/tools/write_spec_plan_conformance_audit.py,json,7
hardware/tools/write_spec_plan_conformance_audit.py,pathlib,8
hardware/tools/write_spec_plan_conformance_audit.py,typing,9
hardware/tools/write_third_goal_completion_audit.py,__future__,4
hardware/tools/write_third_goal_completion_audit.py,argparse,6
hardware/tools/write_third_goal_completion_audit.py,json,7
hardware/tools/write_third_goal_completion_audit.py,pathlib,8
hardware/tools/write_third_goal_completion_audit.py,typing,9
hardware/tools/write_third_goal_current_audit.py,__future__,4
hardware/tools/write_third_goal_current_audit.py,argparse,6
hardware/tools/write_third_goal_current_audit.py,json,7
hardware/tools/write_third_goal_current_audit.py,pathlib,8
hardware/tools/write_third_goal_current_audit.py,typing,9
hardware/tools/write_third_goal_requirements_trace.py,__future__,4
hardware/tools/write_third_goal_requirements_trace.py,argparse,6
hardware/tools/write_third_goal_requirements_trace.py,json,7
hardware/tools/write_third_goal_requirements_trace.py,pathlib,8
hardware/tools/write_third_goal_requirements_trace.py,typing,9
hardware/tools/write_third_goal_requirements_trace.py,write_final_evidence_manifest,11
hardware/tools/write_third_goal_source_audit.py,__future__,4
hardware/tools/write_third_goal_source_audit.py,argparse,6
hardware/tools/write_third_goal_source_audit.py,hashlib,7
hardware/tools/write_third_goal_source_audit.py,json,8
hardware/tools/write_third_goal_source_audit.py,pathlib,9
hardware/tools/write_third_goal_source_audit.py,typing,10
hardware/tools/write_third_goal_unblock_checklist.py,__future__,4
hardware/tools/write_third_goal_unblock_checklist.py,argparse,6
hardware/tools/write_third_goal_unblock_checklist.py,json,7
hardware/tools/write_third_goal_unblock_checklist.py,pathlib,8
hardware/tools/write_third_goal_unblock_checklist.py,typing,9
hardware/tools/write_vref_p0_buffer_lifetime_audit.py,__future__,4
hardware/tools/write_vref_p0_buffer_lifetime_audit.py,argparse,6
hardware/tools/write_vref_p0_buffer_lifetime_audit.py,json,7
hardware/tools/write_vref_p0_buffer_lifetime_audit.py,re,8
hardware/tools/write_vref_p0_buffer_lifetime_audit.py,pathlib,9
hardware/tools/write_vref_p0_buffer_lifetime_audit.py,typing,10
hardware/tools/write_vref_p0_pot_scale_audit.py,__future__,4
hardware/tools/write_vref_p0_pot_scale_audit.py,argparse,6
hardware/tools/write_vref_p0_pot_scale_audit.py,json,7
hardware/tools/write_vref_p0_pot_scale_audit.py,re,8
hardware/tools/write_vref_p0_pot_scale_audit.py,pathlib,9
hardware/tools/write_vref_p0_pot_scale_audit.py,typing,10
hardware/tools/write_vref_p0_pot_scale_successor.py,__future__,4
hardware/tools/write_vref_p0_pot_scale_successor.py,argparse,6
hardware/tools/write_vref_p0_pot_scale_successor.py,json,7
hardware/tools/write_vref_p0_pot_scale_successor.py,re,8
hardware/tools/write_vref_p0_pot_scale_successor.py,shlex,9
hardware/tools/write_vref_p0_pot_scale_successor.py,sys,10
hardware/tools/write_vref_p0_pot_scale_successor.py,xml.etree.ElementTree,11
hardware/tools/write_vref_p0_pot_scale_successor.py,pathlib,12
hardware/tools/write_vref_p0_pot_scale_successor.py,typing,13
hardware/tools/write_vref_p0_pot_scale_successor.py,validate_e2e_axis_vector,19
hardware/tools/write_vref_p0_pot_scale_successor.py,validate_pynq_smoke_result,20
hardware/tools/write_vref_p0_pot_scale_sweep.py,__future__,4
hardware/tools/write_vref_p0_pot_scale_sweep.py,argparse,6
hardware/tools/write_vref_p0_pot_scale_sweep.py,json,7
hardware/tools/write_vref_p0_pot_scale_sweep.py,sys,8
hardware/tools/write_vref_p0_pot_scale_sweep.py,dataclasses,9
hardware/tools/write_vref_p0_pot_scale_sweep.py,pathlib,10
hardware/tools/write_vref_p0_pot_scale_sweep.py,typing,11
hardware/tools/write_vref_p0_pot_scale_sweep.py,validate_e2e_axis_vector,17
hardware/tools/write_vref_p0_qkv_uram_cache_successor.py,__future__,4
hardware/tools/write_vref_p0_qkv_uram_cache_successor.py,argparse,6
hardware/tools/write_vref_p0_qkv_uram_cache_successor.py,json,7
hardware/tools/write_vref_p0_qkv_uram_cache_successor.py,re,8
hardware/tools/write_vref_p0_qkv_uram_cache_successor.py,xml.etree.ElementTree,9
hardware/tools/write_vref_p0_qkv_uram_cache_successor.py,pathlib,10
hardware/tools/write_vref_p0_qkv_uram_cache_successor.py,typing,11
hardware/tools/write_xr_vits_gate_audit.py,__future__,4
hardware/tools/write_xr_vits_gate_audit.py,argparse,6
hardware/tools/write_xr_vits_gate_audit.py,json,7
hardware/tools/write_xr_vits_gate_audit.py,sys,8
hardware/tools/write_xr_vits_gate_audit.py,pathlib,9
hardware/tools/write_xr_vits_gate_audit.py,typing,10
hardware/tools/write_xr_vits_gate_audit.py,check_final_blocker_closure_readiness,16
hardware/tools/write_xr_vits_gate_audit.py,create_xr_vits_replacement_policy,17
hardware/tools/write_xr_vits_unblock_packet.py,__future__,4
hardware/tools/write_xr_vits_unblock_packet.py,argparse,6
hardware/tools/write_xr_vits_unblock_packet.py,json,7
hardware/tools/write_xr_vits_unblock_packet.py,pathlib,8
hardware/tools/write_xr_vits_unblock_packet.py,typing,9
hardware/tools/xr_accel_config.py,__future__,4
hardware/tools/xr_accel_config.py,argparse,6
hardware/tools/xr_accel_config.py,copy,7
hardware/tools/xr_accel_config.py,hashlib,8
hardware/tools/xr_accel_config.py,json,9
hardware/tools/xr_accel_config.py,math,10
hardware/tools/xr_accel_config.py,re,11
hardware/tools/xr_accel_config.py,pathlib,12
hardware/tools/xr_accel_config.py,typing,13
