run_id,solution,params,report,target_ns,estimated_ns,estimated_fmax_mhz,latency_min_cycles,latency_max_cycles,latency_min_abs,latency_max_abs,bram_18k,dsp,ff,lut,uram,bram_pct,dsp_pct,ff_pct,lut_pct,uram_pct,status
default_scaffold,solution,HGTXR_ENABLE_CYCLIC_TRANSFORMER_TOP=0,hardware/generated/hgtxr_hls/solution/syn/report/hgtxr_top_csynth.rpt,5.00,10.279,97.29,10838981,10900565,0.111 sec,0.112 sec,283,81,21057,26399,0,45,4,4,11,0,csynth_passed
cyclic_s0,solution_cyclic_s0,HGTXR_ENABLE_CYCLIC_TRANSFORMER_TOP=1; hardware/configs/zcu104_cyclic_s0_defines.h; active_token_specialized=search64_track16,hardware/generated/hgtxr_hls/solution_cyclic_s0/syn/report/hgtxr_top_csynth.rpt,5.00,3.745,267.02,15023573,15023573,75.118 ms,75.118 ms,263,42,23397,38752,0,42,2,5,16,0,csynth_passed
cyclic_s1_weight,solution_cyclic_s1_weight,HGTXR_ENABLE_CYCLIC_TRANSFORMER_TOP=1; HGTXR_ENABLE_CYCLIC_WEIGHT_PORTS=1; hardware/configs/zcu104_cyclic_s1_weight_defines.h,hardware/generated/hgtxr_hls/solution_cyclic_s1_weight/syn/report/hgtxr_top_csynth.rpt,5.00,4.462,224.11,15061541,15061541,75.308 ms,75.308 ms,279,42,30626,54216,0,44,2,6,23,0,csynth_passed
cyclic_s2_first_step,solution_cyclic_s2_first_step,HGTXR_ENABLE_CYCLIC_TRANSFORMER_TOP=1; HGTXR_ENABLE_CYCLIC_WEIGHT_PORTS=1; HGTXR_ENABLE_CYCLIC_S2_FIRST_STEP=1; hardware/configs/zcu104_cyclic_s2_first_step_defines.h; WO channel-pair accumulation only,hardware/generated/hgtxr_hls/solution_cyclic_s2_first_step/syn/report/hgtxr_top_csynth.rpt,5.00,3.650,273.97,12173567,12506639,60.868 ms,62.533 ms,211,22,10935,17997,0,33,1,2,7,0,csynth_passed_first_step_wo_only
cyclic_s2_qkv_first_step,solution_cyclic_s2_qkv_first_step,HGTXR_ENABLE_CYCLIC_TRANSFORMER_TOP=1; HGTXR_ENABLE_CYCLIC_WEIGHT_PORTS=1; HGTXR_ENABLE_CYCLIC_S2_QKV_FIRST_STEP=1; hardware/configs/zcu104_cyclic_s2_qkv_first_step_defines.h; QKV channel-pair accumulation only,hardware/generated/hgtxr_hls/solution_cyclic_s2_qkv_first_step/syn/report/hgtxr_top_csynth.rpt,5.00,3.650,273.97,34770191,35769407,0.174 sec,0.179 sec,215,22,11373,19205,0,34,1,2,8,0,csynth_passed_first_step_qkv_only
cyclic_s2_attn_first_step,solution_cyclic_s2_attn_first_step,HGTXR_ENABLE_CYCLIC_TRANSFORMER_TOP=1; HGTXR_ENABLE_CYCLIC_WEIGHT_PORTS=1; HGTXR_ENABLE_CYCLIC_S2_ATTN_FIRST_STEP=1; hardware/configs/zcu104_cyclic_s2_attn_first_step_defines.h; QKV attention WO channel-pair first-step only,hardware/generated/hgtxr_hls/solution_cyclic_s2_attn_first_step/syn/report/hgtxr_top_csynth.rpt,5.00,3.745,267.02,48980449,50312737,0.245 sec,0.252 sec,245,36,24954,38796,0,39,2,5,16,0,csynth_passed_first_step_attention_only
cyclic_s2_mlp_first_step,solution_cyclic_s2_mlp_first_step,HGTXR_ENABLE_CYCLIC_TRANSFORMER_TOP=1; HGTXR_ENABLE_CYCLIC_WEIGHT_PORTS=1; HGTXR_ENABLE_CYCLIC_S2_MLP_FIRST_STEP=1; hardware/configs/zcu104_cyclic_s2_mlp_first_step_defines.h; MLP hidden-pair W1/W2 mlp_ratio=4 first-step only,hardware/generated/hgtxr_hls/solution_cyclic_s2_mlp_first_step/syn/report/hgtxr_top_csynth.rpt,5.00,3.650,273.97,92490625,95155201,0.462 sec,0.476 sec,243,30,12850,23170,0,38,1,2,10,0,csynth_passed_first_step_mlp_only
cyclic_s2_block_first_step,solution_cyclic_s2_block_first_step,HGTXR_ENABLE_CYCLIC_TRANSFORMER_TOP=1; HGTXR_ENABLE_CYCLIC_WEIGHT_PORTS=1; HGTXR_ENABLE_CYCLIC_S2_BLOCK_FIRST_STEP=1; HGTXR_ENABLE_CYCLIC_S2_BLOCK_PRE_LN=1; hardware/configs/zcu104_cyclic_s2_block_first_step_defines.h; pre-norm residual attention MLP fused first-step,hardware/generated/hgtxr_hls/solution_cyclic_s2_block_first_step/syn/report/hgtxr_top_csynth.rpt,5.00,3.745,267.02,141665735,145662599,0.708 sec,0.728 sec,319,88,32701,59141,0,51,5,7,25,0,csynth_passed_first_step_block_preln_validated_piecewise_rsqrt
cyclic_s2_block_q4w8a,solution_cyclic_s2_block_q4w8a,HGTXR_ENABLE_CYCLIC_TRANSFORMER_TOP=1; HGTXR_ENABLE_CYCLIC_WEIGHT_PORTS=1; HGTXR_ENABLE_CYCLIC_S2_BLOCK_FIRST_STEP=1; HGTXR_ENABLE_CYCLIC_S2_BLOCK_PRE_LN=1; HGTXR_BIT_WIDTH=8; HGTXR_WEIGHT_BIT_WIDTH=4; HGTXR_WEIGHT_INT_WIDTH=2; hardware/configs/zcu104_cyclic_s2_block_q4w8a_defines.h; pre-norm residual attention MLP fused first-step Q4W/Q8A,hardware/generated/hgtxr_hls/solution_cyclic_s2_block_q4w8a/syn/report/hgtxr_top_csynth.rpt,5.00,3.745,267.02,141665730,145662594,0.708 sec,0.728 sec,211,76,31674,57932,0,33,4,6,25,0,csynth_passed_q4w8a_block_preln
e2e_q4w8a_axis_shell,solution_e2e_q4w8a,HGTXR_ENABLE_CYCLIC_WEIGHT_PORTS=1; HGTXR_BIT_WIDTH=8; HGTXR_WEIGHT_BIT_WIDTH=4; HGTXR_BUS_WIDTH=128; hardware/configs/zcu104_e2e_q4w8a_defines.h; AXI-Stream DMA shell conv patch global buffer ATTN0 MLP0 ATTN1 MLP1 controller MLP head,hardware/generated/hgtxr_hls/solution_e2e_q4w8a/syn/report/hgtxr_e2e_axis_top_csynth.rpt,5.00,3.650,273.97,1610485,1610491,8.052 ms,8.052 ms,52,18,3798,6411,0,8,1,~0,2,0,csynth_passed_e2e_axis_shell_weight_axi_live
e2e_q4w8a_full_vit,solution_e2e_q4w8a,HGTXR_ENABLE_CYCLIC_WEIGHT_PORTS=1; HGTXR_BIT_WIDTH=8; HGTXR_WEIGHT_BIT_WIDTH=4; HGTXR_BUS_WIDTH=128; HGTXR_E2E_ACTIVE_TOKENS=196; HGTXR_E2E_BLOCKS=6; HGTXR_E2E_HEADS=3; HGTXR_E2E_FF_DIM=768; hardware/configs/zcu104_e2e_q4w8a_defines.h; full dense ViT AXI-Stream path,hardware/generated/hgtxr_e2e_hls/solution_e2e_q4w8a/syn/report/hgtxr_e2e_axis_top_csynth.rpt,5.00,3.650,273.97,619214991,619214991,3.096 sec,3.096 sec,269,48,41885,61369,0,43,2,9,26,0,csim_passed_smoke_csynth_passed_full_dense_vit_axis
e2e_q4w8a_full_vit_zcu104_fit_par5,solution_e2e_q4w8a,HGTXR_ENABLE_CYCLIC_WEIGHT_PORTS=1; HGTXR_BIT_WIDTH=8; HGTXR_WEIGHT_BIT_WIDTH=4; HGTXR_BUS_WIDTH=256; HGTXR_BUFFER_SIZE=256; HGTXR_FIFO_DEPTH=128; HGTXR_E2E_DENSE_PAR=5; HGTXR_E2E_ATTN_PAR=5; HGTXR_E2E_ACTIVE_TOKENS=196; HGTXR_E2E_BLOCKS=6; HGTXR_E2E_HEADS=3; HGTXR_E2E_FF_DIM=768; hardware/configs/zcu104_e2e_q4w8a_defines.h; full dense ViT ZCU104-fit PAR5 AXI-Stream path,hardware/generated/hgtxr_e2e_hls/solution_e2e_q4w8a/syn/report/hgtxr_e2e_axis_top_csynth.rpt,5.00,4.035,247.80,555319367,555681575,2.777 sec,2.778 sec,284,63,70410,212865,50,45,3,15,92,52,csim_passed_smoke_csynth_passed_full_dense_vit_zcu104_fit_par5
e2e_q4w8a_full_vit_zcu104_fit_par5_hgpipe_lut,solution_e2e_q4w8a,HGTXR_ENABLE_CYCLIC_WEIGHT_PORTS=1; HGTXR_BIT_WIDTH=8; HGTXR_WEIGHT_BIT_WIDTH=4; HGTXR_BUS_WIDTH=256; HGTXR_BUFFER_SIZE=256; HGTXR_FIFO_DEPTH=128; HGTXR_E2E_DENSE_PAR=5; HGTXR_E2E_ATTN_PAR=5; HGTXR_USE_HGPIPE_LUT_MATH=1; HGTXR_E2E_ACTIVE_TOKENS=196; HGTXR_E2E_BLOCKS=6; HGTXR_E2E_HEADS=3; HGTXR_E2E_FF_DIM=768; hardware/configs/zcu104_e2e_q4w8a_defines.h; full dense ViT ZCU104-fit PAR5 AXI-Stream path with compact HG-PIPE LUT math,hardware/generated/hgtxr_e2e_hls/solution_e2e_q4w8a/syn/report/hgtxr_e2e_axis_top_csynth.rpt,5.00,4.035,247.80,555505175,556229591,2.778 sec,2.781 sec,284,67,52318,199975,50,45,3,11,86,52,csim_passed_smoke_csynth_passed_hgpipe_compact_lut_math
cyclic_s2_block_q4w8a_head_aligned,solution_cyclic_s2_block_q4w8a,HGTXR_ENABLE_CYCLIC_TRANSFORMER_TOP=1; HGTXR_ENABLE_CYCLIC_WEIGHT_PORTS=1; HGTXR_ENABLE_CYCLIC_S2_BLOCK_FIRST_STEP=1; HGTXR_ENABLE_CYCLIC_S2_BLOCK_PRE_LN=1; HGTXR_BIT_WIDTH=8; HGTXR_WEIGHT_BIT_WIDTH=4; HGTXR_WEIGHT_INT_WIDTH=2; HGTXR_TILE_CHANNELS=64; HGTXR_CYCLIC_HEADS=3; HGTXR_CYCLIC_HEAD_DIM=64; HGTXR_CYCLIC_ATTN_SCORE_SCALE_SHIFT=3; HGTXR_CYCLIC_REQUIRE_HEAD_ALIGNED_ATTENTION=1; hardware/configs/zcu104_cyclic_s2_block_q4w8a_defines.h; pre-norm residual attention MLP fused first-step Q4W/Q8A head-aligned S2 attention,hardware/generated/hgtxr_hls/solution_cyclic_s2_block_q4w8a/syn/report/hgtxr_top_csynth.rpt,5.00,3.654,273.67,140618184,142612728,0.703 sec,0.713 sec,231,80,30093,56794,0,37,4,6,24,0,csim_passed_csynth_passed_q4w8a_block_preln_head_aligned_attention
e2e_q4w8a_active16_ff128_ramp,solution_e2e_q4w8a,HGTXR_E2E_SCALE=active16_ff128; HGTXR_E2E_BLOCKS=2; HGTXR_E2E_ACTIVE_TOKENS=16; HGTXR_E2E_PATCH_GRID_H=1; HGTXR_E2E_PATCH_GRID_W=16; HGTXR_E2E_FF_DIM=128; strict golden active16_ff128,hardware/generated/hgtxr_e2e_hls/solution_e2e_q4w8a/syn/report/hgtxr_e2e_axis_top_csynth.rpt,5.00,3.695,270.64,6743956,6747284,33.720 ms,33.736 ms,284,66,49246,196407,10,45,3,10,85,10,csim_passed_strict_csynth_passed_active16_ff128_ramp
e2e_q4w8a_active16_ff256_high_tap_ramp,solution_e2e_q4w8a,HGTXR_E2E_SCALE=active16_ff256; HGTXR_E2E_BLOCKS=2; HGTXR_E2E_ACTIVE_TOKENS=16; HGTXR_E2E_PATCH_GRID_H=1; HGTXR_E2E_PATCH_GRID_W=16; HGTXR_E2E_FF_DIM=256; strict golden active16_ff256 high hidden taps,hardware/generated/hgtxr_e2e_hls/solution_e2e_q4w8a/syn/report/hgtxr_e2e_axis_top_csynth.rpt,5.00,3.695,270.64,8360538,8373850,41.803 ms,41.869 ms,284,66,49499,196675,20,45,3,10,85,20,csim_passed_strict_csynth_passed_active16_ff256_high_tap_ramp
e2e_q4w8a_active16_ff768_final_dim_ramp,solution_e2e_q4w8a,HGTXR_E2E_SCALE=active16_ff768; HGTXR_E2E_BLOCKS=2; HGTXR_E2E_ACTIVE_TOKENS=16; HGTXR_E2E_PATCH_GRID_H=1; HGTXR_E2E_PATCH_GRID_W=16; HGTXR_E2E_FF_DIM=768; strict golden active16_ff768 high hidden taps,hardware/generated/hgtxr_e2e_hls/solution_e2e_q4w8a/syn/report/hgtxr_e2e_axis_top_csynth.rpt,5.00,3.985,250.97,14760660,14780372,73.803 ms,73.902 ms,284,66,49913,197249,50,45,3,10,85,52,csim_passed_strict_csynth_passed_active16_ff768_final_dim_ramp
e2e_q4w8a_active32_ff768_token_ramp,solution_e2e_q4w8a,HGTXR_E2E_SCALE=active32_ff768; HGTXR_E2E_BLOCKS=2; HGTXR_E2E_ACTIVE_TOKENS=32; HGTXR_E2E_PATCH_GRID_H=2; HGTXR_E2E_PATCH_GRID_W=16; HGTXR_E2E_FF_DIM=768; strict golden active32_ff768 2d patch-grid,hardware/generated/hgtxr_e2e_hls/solution_e2e_q4w8a/syn/report/hgtxr_e2e_axis_top_csynth.rpt,5.00,3.985,250.97,29488052,29527476,0.147 sec,0.148 sec,284,66,50256,197595,50,45,3,10,85,52,csim_passed_strict_csynth_passed_active32_ff768_token_ramp
e2e_q4w8a_active64_ff768_token_ramp,solution_e2e_q4w8a,HGTXR_E2E_SCALE=active64_ff768; HGTXR_E2E_BLOCKS=2; HGTXR_E2E_ACTIVE_TOKENS=64; HGTXR_E2E_PATCH_GRID_H=4; HGTXR_E2E_PATCH_GRID_W=16; HGTXR_E2E_FF_DIM=768; strict golden active64_ff768 2d patch-grid,hardware/generated/hgtxr_e2e_hls/solution_e2e_q4w8a/syn/report/hgtxr_e2e_axis_top_csynth.rpt,5.00,3.985,250.97,59191668,59270516,0.296 sec,0.296 sec,284,66,50606,197896,50,45,3,10,85,52,csim_passed_strict_csynth_passed_active64_ff768_token_ramp
e2e_q4w8a_active128_ff768_token_ramp,solution_e2e_q4w8a,HGTXR_E2E_SCALE=active128_ff768; HGTXR_E2E_BLOCKS=2; HGTXR_E2E_ACTIVE_TOKENS=128; HGTXR_E2E_PATCH_GRID_H=8; HGTXR_E2E_PATCH_GRID_W=16; HGTXR_E2E_FF_DIM=768; strict golden active128_ff768 2d patch-grid,hardware/generated/hgtxr_e2e_hls/solution_e2e_q4w8a/syn/report/hgtxr_e2e_axis_top_csynth.rpt,5.00,3.985,250.97,119602705,119760401,0.598 sec,0.599 sec,284,66,50968,198256,50,45,3,11,86,52,csim_passed_strict_csynth_passed_active128_ff768_token_ramp
e2e_q4w8a_active196_ff768_full_token_ramp,solution_e2e_q4w8a,HGTXR_E2E_SCALE=active196_ff768; HGTXR_E2E_BLOCKS=2; HGTXR_E2E_ACTIVE_TOKENS=196; HGTXR_E2E_PATCH_GRID_H=14; HGTXR_E2E_PATCH_GRID_W=14; HGTXR_E2E_FF_DIM=768; strict golden active196_ff768 full 14x14 token-grid,hardware/generated/hgtxr_e2e_hls/solution_e2e_q4w8a/syn/report/hgtxr_e2e_axis_top_csynth.rpt,5.00,3.985,250.97,185285394,185526866,0.926 sec,0.928 sec,284,67,51406,199218,50,45,3,11,86,52,csim_passed_strict_csynth_passed_active196_ff768_full_token_ramp
e2e_q4w8a_active196_b6_ff768_full_block_gate,solution_e2e_q4w8a,HGTXR_E2E_SCALE=active196_b6_ff768; HGTXR_E2E_BLOCKS=6; HGTXR_E2E_ACTIVE_TOKENS=196; HGTXR_E2E_PATCH_GRID_H=14; HGTXR_E2E_PATCH_GRID_W=14; HGTXR_E2E_FF_DIM=768; strict golden active196_b6_ff768 full 14x14 block6 gate,hardware/generated/hgtxr_e2e_hls/solution_e2e_q4w8a/syn/report/hgtxr_e2e_axis_top_csynth.rpt,5.00,4.035,247.80,555505175,556229591,2.778 sec,2.781 sec,284,67,52318,199975,50,45,3,11,86,52,csim_passed_strict_csynth_passed_active196_b6_ff768_full_block_gate
e2e_q4w8a_par16_c3b_mem16_fastpath,solution_e2e_q4w8a,HGTXR_E2E_SCALE=active196_b6_ff768; HGTXR_E2E_BLOCKS=6; HGTXR_E2E_ACTIVE_TOKENS=196; HGTXR_E2E_FF_DIM=768; HGTXR_E2E_PAR=16; HGTXR_E2E_MEM_BANK_PAR=16; HGTXR_E2E_RESOURCE_POLICY=dsp_mixed_stream; HGTXR_E2E_WEIGHT_VEC_ALIGNED_FASTPATH=1,hardware/generated/hgtxr_e2e_axis_par16_c3b_mem16/solution_e2e_q4w8a/syn/report/csynth.rpt,5.00,3.953,252.97,37508072,37508073,0.188 sec,0.188 sec,332,604,59505,126506,64,53,34,12,54,66,csim_passed_reduced_csynth_passed_c3b_mem16_fastpath
