key,motion,good,valid,cx,cy,r_equiv,area,score,gt_cx,gt_cy,gt_r,err,radius_ratio
fixation_user10_left_session_1_0_2_w001_a000110,fixation,1,1,187.102,129.362,21.961,1480.0,0.1445,186.0,128.0,19.737,1.752,1.113
fixation_user10_left_session_1_0_2_w011_a000310,fixation,1,0,,,,,,143.0,122.0,14.567,,
fixation_user10_left_session_1_0_2_w021_a000610,fixation,1,1,158.254,137.57,19.705,1250.0,0.4209,158.0,141.0,17.757,3.439,1.11
fixation_user10_left_session_1_0_2_w031_a000710,fixation,1,1,150.897,137.895,16.969,935.0,0.2076,152.0,139.0,16.068,1.561,1.056
fixation_user10_left_session_1_0_2_w041_a000910,fixation,1,1,184.592,126.534,18.764,1152.0,0.1105,185.0,129.0,17.606,2.5,1.066
fixation_user10_left_session_1_0_2_w051_a001010,fixation,1,1,208.007,122.956,19.234,1198.0,0.0737,208.0,124.0,18.09,1.044,1.063
fixation_user10_left_session_1_0_2_w061_a001110,fixation,1,1,229.79,125.05,18.284,1082.0,0.0681,230.0,126.0,17.906,0.973,1.021
fixation_user10_left_session_1_0_2_w071_a001510,fixation,1,1,147.127,116.476,15.651,798.0,0.0952,148.0,117.0,13.915,1.018,1.125
fixation_user10_left_session_1_0_2_w081_a001610,fixation,1,1,224.966,145.412,27.028,2202.0,0.1362,230.0,143.0,19.376,5.582,1.395
fixation_user10_left_session_1_0_2_w091_a001710,fixation,1,1,221.568,132.529,24.252,1735.0,0.0919,228.0,133.0,18.922,6.449,1.282
fixation_user10_left_session_1_0_2_w101_a001810,fixation,1,1,221.365,122.41,18.539,1103.0,0.1434,222.0,122.0,18.197,0.755,1.019
fixation_user10_left_session_1_0_2_w111_a002010,fixation,1,1,203.03,105.445,16.374,880.0,0.289,204.0,107.0,15.689,1.832,1.044
fixation_user10_left_session_1_0_2_w121_a002110,fixation,1,1,191.856,113.802,17.638,1015.0,0.1706,193.0,115.0,16.961,1.657,1.04
fixation_user10_left_session_1_0_2_w131_a002210,fixation,1,1,183.655,127.508,19.932,1288.0,0.1223,184.0,130.0,18.929,2.516,1.053
fixation_user10_left_session_1_0_2_w141_a002410,fixation,1,1,168.908,143.736,20.481,1354.0,0.214,170.0,146.0,19.531,2.514,1.049
fixation_user10_left_session_1_0_2_w151_a002510,fixation,1,1,162.584,139.96,19.039,1173.0,0.2447,163.0,142.0,17.589,2.082,1.082
fixation_user1_left_session_1_0_2_w000_a000010,fixation,1,1,167.473,137.159,20.347,1348.0,0.2945,168.0,138.0,20.046,0.992,1.015
fixation_user1_left_session_1_0_2_w010_a000110,fixation,1,1,167.082,138.314,20.269,1334.0,0.2677,167.0,140.0,20.459,1.688,0.991
fixation_user1_left_session_1_0_2_w020_a000210,fixation,1,1,218.937,160.233,22.038,1572.0,0.2106,219.0,162.0,21.221,1.768,1.038
fixation_user1_left_session_1_0_2_w030_a000310,fixation,1,1,134.606,135.744,15.903,830.0,0.1455,135.0,138.0,15.375,2.29,1.034
fixation_user1_left_session_1_0_2_w040_a000910,fixation,1,1,139.851,147.771,18.006,1054.0,0.1789,140.0,150.0,16.734,2.234,1.076
fixation_user1_left_session_1_0_2_w050_a001110,fixation,1,1,135.399,144.272,18.393,1023.0,0.1977,136.0,144.0,16.42,0.66,1.12
fixation_user1_left_session_1_0_2_w060_a001210,fixation,1,1,138.405,139.697,15.957,833.0,0.2302,139.0,142.0,15.153,2.378,1.053
fixation_user1_left_session_1_0_2_w070_a001710,fixation,1,1,208.294,135.047,17.392,982.0,0.1879,210.0,135.0,17.022,1.706,1.022
fixation_user1_left_session_1_0_2_w080_a001910,fixation,1,1,184.056,126.831,16.744,911.0,0.1915,185.0,128.0,15.905,1.502,1.053
fixation_user1_left_session_1_0_2_w090_a002010,fixation,1,1,180.109,126.144,16.062,848.0,0.244,181.0,128.0,16.06,2.059,1.0
fixation_user1_left_session_1_0_2_w100_a002110,fixation,1,1,168.924,128.235,15.681,804.0,0.2626,169.0,130.0,15.632,1.766,1.003
fixation_user1_left_session_1_0_2_w110_a002210,fixation,1,1,158.757,134.362,15.749,813.0,0.1253,159.0,136.0,15.312,1.656,1.029
fixation_user1_left_session_1_0_2_w120_a002310,fixation,1,1,150.581,135.75,14.773,704.0,0.2606,151.0,136.0,14.353,0.488,1.029
fixation_user1_left_session_1_0_2_w130_a002410,fixation,1,1,140.161,146.063,16.21,844.0,0.3665,140.0,149.0,15.526,2.941,1.044
fixation_user1_left_session_1_0_2_w140_a002510,fixation,1,1,133.168,149.986,15.612,800.0,0.228,133.0,151.0,15.015,1.028,1.04
fixation_user1_left_session_1_0_2_w150_a002610,fixation,1,1,131.933,176.985,20.501,1262.0,0.1245,132.0,177.0,18.336,0.068,1.118
fixation_user1_right_session_1_0_2_w160_a000010,fixation,1,1,197.005,125.786,19.518,1242.0,0.2121,197.0,127.0,18.66,1.214,1.046
fixation_user2_left_session_1_0_2_w002_a000110,fixation,1,1,161.484,121.132,16.634,892.0,0.2805,162.0,122.0,15.204,1.01,1.094
fixation_user2_left_session_1_0_2_w012_a000310,fixation,1,1,132.86,117.489,11.797,466.0,0.1474,134.0,120.0,9.589,2.758,1.23
fixation_user2_left_session_1_0_2_w022_a000510,fixation,1,1,158.503,138.132,16.712,917.0,0.2325,159.0,139.0,16.495,1.0,1.013
fixation_user2_left_session_1_0_2_w032_a000610,fixation,1,1,136.992,137.081,13.618,616.0,0.1616,137.0,138.0,12.898,0.919,1.056
fixation_user2_left_session_1_0_2_w042_a000710,fixation,1,1,133.899,138.82,14.017,647.0,0.1448,134.0,140.0,13.428,1.185,1.044
fixation_user2_left_session_1_0_2_w052_a000910,fixation,1,1,170.858,120.714,17.315,974.0,0.1901,171.0,121.0,17.103,0.32,1.012
fixation_user2_left_session_1_0_2_w062_a001110,fixation,1,1,203.834,117.101,34.987,3602.0,0.197,202.0,118.0,16.23,2.043,2.156
fixation_user2_left_session_1_0_2_w072_a001410,fixation,1,1,144.385,111.583,14.67,645.0,0.3571,144.0,113.0,12.889,1.468,1.138
fixation_user2_left_session_1_0_2_w082_a001610,fixation,1,1,201.082,132.328,18.702,1127.0,0.1128,202.0,133.0,17.674,1.137,1.058
fixation_user2_left_session_1_0_2_w092_a001710,fixation,1,1,198.36,113.67,19.105,1164.0,0.1609,200.0,115.0,17.697,2.111,1.08
fixation_user2_left_session_1_0_2_w102_a001810,fixation,1,1,189.944,105.562,16.389,879.0,0.2195,191.0,107.0,15.009,1.784,1.092
fixation_user2_left_session_1_0_2_w112_a001910,fixation,1,1,185.538,105.242,15.703,813.0,0.2626,186.0,106.0,14.866,0.888,1.056
fixation_user2_left_session_1_0_2_w122_a002010,fixation,1,1,175.615,113.104,16.588,881.0,0.1193,176.0,114.0,15.813,0.975,1.049
fixation_user2_left_session_1_0_2_w132_a002110,fixation,1,1,164.857,115.492,15.129,750.0,0.1903,165.0,117.0,14.394,1.515,1.051
fixation_user2_left_session_1_0_2_w142_a002210,fixation,1,1,172.448,137.826,41.123,4919.0,0.1097,161.0,139.0,17.388,11.508,2.365
fixation_user2_left_session_1_0_2_w152_a002310,fixation,1,1,151.655,142.585,30.971,3066.0,0.2879,151.0,143.0,15.722,0.776,1.97
fixation_user3_left_session_1_0_2_w003_a000110,fixation,1,1,162.242,109.889,36.97,4337.0,0.1794,161.0,107.0,16.094,3.145,2.297
fixation_user3_left_session_1_0_2_w013_a000210,fixation,1,1,214.806,129.696,19.151,1183.0,0.1486,215.0,131.0,18.189,1.318,1.053
fixation_user3_left_session_1_0_2_w023_a000310,fixation,1,1,122.358,103.699,12.38,508.0,0.0999,123.0,105.0,11.998,1.451,1.032
fixation_user3_left_session_1_0_2_w033_a000710,fixation,1,1,121.193,127.834,14.792,716.0,0.1631,122.0,129.0,14.069,1.418,1.051
fixation_user3_left_session_1_0_2_w043_a001510,fixation,1,1,142.722,89.54,12.114,487.0,0.1761,143.0,91.0,11.746,1.486,1.031
fixation_user3_left_session_1_0_2_w053_a001610,fixation,1,1,219.462,129.11,17.191,963.0,0.2578,220.0,130.0,16.219,1.04,1.06
fixation_user3_left_session_1_0_2_w063_a001810,fixation,1,1,200.172,103.698,14.422,684.0,0.1075,201.0,105.0,14.321,1.543,1.007
fixation_user3_left_session_1_0_2_w073_a001910,fixation,1,1,189.149,89.745,12.71,536.0,0.1061,190.0,90.0,12.648,0.889,1.005
fixation_user3_left_session_1_0_2_w083_a002010,fixation,1,1,178.871,83.46,11.607,448.0,0.1964,180.0,85.0,10.733,1.909,1.081
fixation_user3_left_session_1_0_2_w093_a002510,fixation,1,1,128.596,132.019,16.013,843.0,0.096,129.0,133.0,14.816,1.061,1.081
fixation_user3_left_session_1_0_2_w103_a002710,fixation,1,1,119.127,120.982,12.69,535.0,0.106,119.0,122.0,11.981,1.026,1.059
fixation_user3_right_session_1_0_2_w113_a000110,fixation,1,1,184.047,95.204,40.808,5023.0,0.1163,190.0,92.0,15.658,6.761,2.606
fixation_user3_right_session_1_0_2_w123_a000210,fixation,1,0,,,,,,235.0,118.0,16.139,,
fixation_user3_right_session_1_0_2_w133_a000310,fixation,1,1,132.532,81.055,14.219,667.0,0.2823,133.0,82.0,13.78,1.055,1.032
fixation_user3_right_session_1_0_2_w143_a000710,fixation,1,1,139.634,107.891,16.749,911.0,0.1963,140.0,109.0,16.079,1.167,1.042
fixation_user3_right_session_1_0_2_w153_a001010,fixation,1,1,215.496,88.539,14.694,709.0,0.2288,216.0,90.0,13.917,1.545,1.056
fixation_user4_left_session_1_0_2_w004_a000110,fixation,1,1,131.603,136.265,18.252,1071.0,0.4429,131.0,137.0,18.033,0.95,1.012
fixation_user4_left_session_1_0_2_w014_a000210,fixation,1,1,187.099,158.859,20.187,1313.0,0.2942,187.0,159.0,19.962,0.173,1.011
fixation_user4_left_session_1_0_2_w024_a000310,fixation,1,0,,,,,,95.0,131.0,15.461,,
fixation_user4_left_session_1_0_2_w034_a001010,fixation,1,1,138.081,129.521,18.02,1057.0,0.4599,139.0,131.0,17.039,1.741,1.058
fixation_user4_left_session_1_0_2_w044_a001210,fixation,1,1,95.493,135.528,14.244,667.0,0.172,96.0,137.0,13.577,1.557,1.049
fixation_user4_left_session_1_0_2_w054_a001610,fixation,1,1,179.663,144.285,18.343,1088.0,0.1396,180.0,145.0,18.342,0.791,1.0
fixation_user4_left_session_1_0_2_w064_a002010,fixation,1,1,132.598,124.847,16.555,898.0,0.4056,134.0,126.0,15.697,1.816,1.055
fixation_user4_left_session_1_0_2_w074_a002110,fixation,1,1,123.942,122.99,15.536,786.0,0.2695,125.0,124.0,15.125,1.463,1.027
fixation_user4_left_session_1_0_2_w084_a002210,fixation,1,1,112.13,130.183,15.891,809.0,0.5958,112.0,131.0,15.013,0.827,1.059
fixation_user4_left_session_1_0_2_w094_a002310,fixation,1,1,103.505,133.703,16.206,855.0,0.4009,104.0,135.0,15.832,1.388,1.024
fixation_user4_left_session_1_0_2_w104_a002410,fixation,1,1,95.367,139.211,15.512,787.0,0.1543,96.0,140.0,15.209,1.011,1.02
fixation_user4_left_session_1_0_2_w114_a002510,fixation,1,1,93.816,143.909,17.174,809.0,0.2694,93.0,143.0,15.243,1.222,1.127
fixation_user4_left_session_1_0_2_w124_a002610,fixation,1,1,89.292,168.197,16.65,908.0,0.0985,90.0,169.0,15.337,1.07,1.086
fixation_user4_right_session_1_0_2_w134_a000110,fixation,1,1,201.352,122.442,18.823,1148.0,0.3794,202.0,123.0,18.231,0.855,1.032
fixation_user4_right_session_1_0_2_w144_a000210,fixation,1,1,245.492,152.871,17.773,1031.0,0.1853,246.0,153.0,16.801,0.524,1.058
fixation_user4_right_session_1_0_2_w154_a000310,fixation,1,1,147.864,113.492,18.858,1150.0,0.6275,148.0,115.0,18.298,1.514,1.031
fixation_user5_left_session_1_0_2_w005_a000110,fixation,1,1,204.94,127.507,33.165,3415.0,0.1058,204.0,130.0,16.4,2.664,2.022
fixation_user5_left_session_1_0_2_w015_a000210,fixation,1,1,204.125,128.065,16.473,887.0,0.1213,205.0,129.0,16.505,1.281,0.998
fixation_user5_left_session_1_0_2_w025_a000410,fixation,1,1,202.831,130.241,16.892,929.0,0.1168,203.0,131.0,16.193,0.778,1.043
fixation_user5_left_session_1_0_2_w035_a000510,fixation,1,1,181.985,155.429,18.239,1077.0,0.2006,183.0,157.0,17.024,1.87,1.071
fixation_user5_left_session_1_0_2_w045_a000610,fixation,1,1,171.963,150.467,17.54,1003.0,0.1296,173.0,152.0,16.003,1.85,1.096
fixation_user5_left_session_1_0_2_w055_a001310,fixation,1,1,242.686,121.701,14.042,646.0,0.3147,243.0,122.0,13.033,0.434,1.077
fixation_user5_left_session_1_0_2_w065_a001410,fixation,1,1,247.321,118.705,13.2,571.0,0.2652,248.0,120.0,12.652,1.462,1.043
fixation_user5_left_session_1_0_2_w075_a001510,fixation,1,1,233.178,113.42,13.284,573.0,0.5775,233.0,115.0,12.104,1.59,1.097
fixation_user5_left_session_1_0_2_w085_a001610,fixation,1,1,247.64,130.235,13.678,612.0,0.147,248.0,131.0,13.307,0.845,1.028
fixation_user5_left_session_1_0_2_w095_a001710,fixation,1,1,239.035,128.433,13.819,629.0,0.1873,240.0,130.0,12.959,1.84,1.066
fixation_user5_left_session_1_0_2_w105_a001910,fixation,1,1,219.889,147.979,34.073,3664.0,0.1659,221.0,145.0,14.825,3.179,2.298
fixation_user5_left_session_1_0_2_w115_a002110,fixation,1,1,196.015,156.56,17.477,986.0,0.1494,195.0,158.0,16.348,1.762,1.069
fixation_user5_left_session_1_0_2_w125_a002210,fixation,1,1,193.948,157.029,33.583,3564.0,0.1377,192.0,160.0,15.98,3.553,2.101
fixation_user5_left_session_1_0_2_w135_a002310,fixation,1,1,184.258,161.01,15.894,820.0,0.1934,184.0,162.0,14.6,1.023,1.089
fixation_user5_left_session_1_0_2_w145_a002510,fixation,1,1,167.797,149.6,14.674,702.0,0.2543,169.0,151.0,13.536,1.846,1.084
fixation_user5_right_session_1_0_2_w155_a000110,fixation,1,1,188.856,108.58,17.896,1042.0,0.1826,190.0,110.0,17.069,1.824,1.048
fixation_user6_left_session_1_0_2_w006_a000110,fixation,1,1,168.868,102.698,14.676,710.0,0.0937,170.0,104.0,14.999,1.725,0.978
fixation_user6_left_session_1_0_2_w016_a000210,fixation,1,1,217.076,124.989,15.923,836.0,0.0837,218.0,127.0,14.397,2.214,1.106
fixation_user6_left_session_1_0_2_w026_a000310,fixation,1,1,130.075,95.187,10.853,397.0,0.1234,130.0,97.0,10.059,1.815,1.079
fixation_user6_left_session_1_0_2_w036_a000610,fixation,1,1,185.243,110.955,36.984,4300.0,0.0832,185.0,116.0,16.795,5.051,2.202
fixation_user6_left_session_1_0_2_w046_a000910,fixation,1,1,137.522,105.879,12.364,510.0,0.1112,139.0,108.0,11.525,2.586,1.073
fixation_user6_left_session_1_0_2_w056_a001010,fixation,1,1,128.699,106.12,12.216,493.0,0.1582,130.0,107.0,11.681,1.571,1.046
fixation_user6_left_session_1_0_2_w066_a001110,fixation,1,1,129.952,103.814,11.535,445.0,0.1233,131.0,104.0,11.01,1.064,1.048
fixation_user6_left_session_1_0_2_w076_a001210,fixation,1,1,132.791,100.662,11.38,432.0,0.1954,133.0,101.0,10.662,0.398,1.067
fixation_user6_left_session_1_0_2_w086_a001310,fixation,1,1,138.05,93.476,11.461,427.0,0.2585,139.0,94.0,10.886,1.085,1.053
fixation_user6_left_session_1_0_2_w096_a001610,fixation,1,1,212.569,103.114,13.989,640.0,0.0998,214.0,104.0,13.449,1.684,1.04
fixation_user6_left_session_1_0_2_w106_a001710,fixation,1,1,203.222,95.118,13.187,570.0,0.2813,204.0,97.0,12.835,2.036,1.027
fixation_user6_left_session_1_0_2_w116_a001810,fixation,1,1,191.197,88.438,12.19,487.0,0.2063,191.0,88.0,11.647,0.481,1.047
fixation_user6_left_session_1_0_2_w126_a001910,fixation,1,1,177.31,84.05,12.61,527.0,0.1779,179.0,85.0,12.221,1.939,1.032
fixation_user6_left_session_1_0_2_w136_a002010,fixation,1,1,173.931,82.998,11.481,438.0,0.3424,175.0,84.0,10.973,1.465,1.046
fixation_user6_left_session_1_0_2_w146_a002110,fixation,1,1,160.693,86.961,10.804,371.0,0.2719,161.0,87.0,9.965,0.31,1.084
fixation_user6_left_session_1_0_2_w156_a002210,fixation,1,1,150.305,88.082,10.375,364.0,0.252,150.0,89.0,9.836,0.968,1.055
fixation_user7_left_session_1_0_2_w007_a000110,fixation,1,1,137.06,87.247,11.852,461.0,0.1978,138.0,88.0,10.929,1.205,1.084
fixation_user7_left_session_1_0_2_w017_a000210,fixation,1,1,185.442,106.045,13.993,642.0,0.1274,186.0,107.0,13.292,1.106,1.053
fixation_user7_left_session_1_0_2_w027_a000310,fixation,1,1,102.292,84.967,9.917,325.0,0.0667,103.0,87.0,7.923,2.153,1.252
fixation_user7_left_session_1_0_2_w037_a001010,fixation,1,1,99.412,94.402,10.809,383.0,0.0521,101.0,96.0,9.661,2.253,1.119
fixation_user7_left_session_1_0_2_w047_a001110,fixation,1,1,99.938,92.51,10.978,397.0,0.0821,101.0,94.0,9.588,1.83,1.145
fixation_user7_left_session_1_0_2_w057_a001510,fixation,1,1,185.105,93.607,14.607,694.0,0.1208,187.0,95.0,13.195,2.352,1.107
fixation_user7_left_session_1_0_2_w067_a001610,fixation,1,1,177.912,90.036,14.409,675.0,0.1246,178.0,91.0,13.45,0.968,1.071
fixation_user7_left_session_1_0_2_w077_a001710,fixation,1,1,171.068,83.81,13.478,595.0,0.2809,172.0,85.0,12.662,1.511,1.064
fixation_user7_left_session_1_0_2_w087_a001810,fixation,1,1,159.089,78.818,13.113,567.0,0.183,160.0,80.0,12.033,1.492,1.09
fixation_user7_left_session_1_0_2_w097_a001910,fixation,1,1,147.102,72.671,11.208,419.0,0.4161,148.0,74.0,10.546,1.604,1.063
fixation_user7_left_session_1_0_2_w107_a002010,fixation,1,1,142.426,72.896,11.222,423.0,0.4511,143.0,74.0,9.963,1.244,1.126
fixation_user7_left_session_1_0_2_w117_a002110,fixation,1,1,127.804,77.089,10.791,388.0,0.2447,129.0,78.0,10.313,1.504,1.046
fixation_user7_left_session_1_0_2_w127_a002210,fixation,1,1,118.433,77.939,10.577,367.0,0.1047,120.0,79.0,9.794,1.892,1.08
fixation_user7_left_session_1_0_2_w137_a002310,fixation,1,1,107.806,84.782,11.657,419.0,0.1612,108.0,87.0,9.974,2.227,1.169
fixation_user7_left_session_1_0_2_w147_a002410,fixation,1,1,99.397,84.661,10.108,332.0,0.1287,99.0,87.0,8.697,2.373,1.162
fixation_user7_left_session_1_0_2_w157_a002510,fixation,1,1,91.572,102.766,10.959,395.0,0.0582,91.0,104.0,9.401,1.36,1.166
fixation_user8_left_session_1_0_2_w008_a000110,fixation,1,1,143.046,102.926,12.29,503.0,0.2589,144.0,104.0,11.953,1.437,1.028
fixation_user8_left_session_1_0_2_w018_a000210,fixation,1,1,196.163,120.062,13.325,583.0,0.1764,197.0,121.0,12.413,1.257,1.073
fixation_user8_left_session_1_0_2_w028_a000310,fixation,1,1,107.519,101.09,9.036,275.0,0.0501,108.0,103.0,7.902,1.97,1.143
fixation_user8_left_session_1_0_2_w038_a001110,fixation,1,1,108.394,107.168,9.878,329.0,0.0747,110.0,108.0,8.712,1.809,1.134
fixation_user8_left_session_1_0_2_w048_a001210,fixation,1,0,,,,,,110.0,105.0,8.927,,
fixation_user8_left_session_1_0_2_w058_a001310,fixation,1,1,111.226,100.475,10.678,372.0,0.1013,112.0,102.0,9.355,1.711,1.141
fixation_user8_left_session_1_0_2_w068_a001810,fixation,1,1,164.891,85.656,13.49,595.0,0.2919,166.0,87.0,12.159,1.743,1.109
fixation_user8_left_session_1_0_2_w078_a002010,fixation,1,1,147.841,80.024,11.747,458.0,0.3668,148.0,81.0,10.501,0.989,1.119
fixation_user8_left_session_1_0_2_w088_a002110,fixation,1,1,137.359,82.313,9.728,314.0,0.2174,138.0,84.0,8.973,1.805,1.084
fixation_user8_left_session_1_0_2_w098_a002210,fixation,1,1,127.14,88.486,10.151,343.0,0.254,129.0,89.0,8.969,1.93,1.132
fixation_user8_left_session_1_0_2_w108_a002310,fixation,1,1,118.877,92.229,9.389,291.0,0.2333,119.0,94.0,7.821,1.775,1.2
fixation_user8_left_session_1_0_2_w118_a002410,fixation,1,1,111.797,102.139,9.833,319.0,0.0765,112.0,104.0,8.579,1.872,1.146
fixation_user8_left_session_1_0_2_w128_a002510,fixation,1,1,106.07,111.319,9.659,310.0,0.0719,107.0,112.0,8.605,1.153,1.123
fixation_user8_left_session_1_0_2_w138_a002610,fixation,1,1,107.045,128.592,11.858,469.0,0.0561,107.0,130.0,10.489,1.409,1.13
fixation_user8_right_session_1_0_2_w148_a000110,fixation,1,1,185.444,76.469,12.504,514.0,0.3505,186.0,78.0,12.434,1.629,1.006
fixation_user8_right_session_1_0_2_w158_a000210,fixation,1,1,231.611,100.76,12.255,485.0,0.3824,232.0,103.0,10.565,2.274,1.16
fixation_user9_left_session_1_0_2_w009_a000210,fixation,1,1,214.295,148.51,24.051,1861.0,0.2496,215.0,150.0,23.153,1.648,1.039
fixation_user9_left_session_1_0_2_w019_a000310,fixation,1,0,,,,,,128.0,124.0,14.383,,
fixation_user9_left_session_1_0_2_w029_a000610,fixation,1,1,138.321,149.298,17.664,1018.0,0.2112,139.0,150.0,17.129,0.977,1.031
fixation_user9_left_session_1_0_2_w039_a000710,fixation,1,1,124.524,152.105,18.736,1130.0,0.1542,127.0,152.0,16.819,2.479,1.114
fixation_user9_left_session_1_0_2_w049_a001510,fixation,1,1,130.731,124.296,17.017,950.0,0.3094,130.0,125.0,16.877,1.015,1.008
fixation_user9_left_session_1_0_2_w059_a001610,fixation,1,1,223.353,152.232,24.029,1858.0,0.1765,224.0,153.0,23.349,1.005,1.029
fixation_user9_left_session_1_0_2_w069_a001710,fixation,1,1,212.622,146.158,23.485,1778.0,0.1929,213.0,147.0,23.718,0.923,0.99
fixation_user9_left_session_1_0_2_w079_a001810,fixation,1,1,204.365,130.151,22.616,1653.0,0.1874,205.0,131.0,21.954,1.06,1.03
fixation_user9_left_session_1_0_2_w089_a001910,fixation,1,1,190.197,117.972,20.091,1310.0,0.2446,191.0,119.0,19.347,1.305,1.038
fixation_user9_left_session_1_0_2_w099_a002010,fixation,1,1,183.424,112.473,17.172,967.0,0.2626,184.0,114.0,17.014,1.632,1.009
fixation_user9_left_session_1_0_2_w109_a002110,fixation,1,1,171.527,122.271,19.019,1170.0,0.4508,172.0,124.0,17.997,1.792,1.057
fixation_user9_left_session_1_0_2_w119_a002210,fixation,1,1,158.994,128.962,19.567,1239.0,0.4154,160.0,130.0,19.045,1.446,1.027
fixation_user9_left_session_1_0_2_w129_a002310,fixation,1,1,150.39,151.02,21.53,1498.0,0.4253,150.0,153.0,20.628,2.018,1.044
fixation_user9_left_session_1_0_2_w139_a002510,fixation,1,1,140.012,157.572,32.466,3211.0,0.0728,137.0,162.0,18.184,5.355,1.785
fixation_user9_left_session_1_0_2_w149_a002610,fixation,1,1,130.494,146.094,17.663,1018.0,0.3081,131.0,147.0,17.031,1.038,1.037
fixation_user9_left_session_1_0_2_w159_a002710,fixation,1,1,128.397,143.114,19.184,1015.0,0.3076,128.0,142.0,16.933,1.183,1.133
saccade_user10_left_session_1_0_2_w001_a000810,saccade,1,1,162.738,132.685,19.198,1196.0,0.4315,163.0,134.0,17.987,1.34,1.067
saccade_user10_left_session_1_0_2_w011_a001210,saccade,1,1,223.251,120.479,18.266,1086.0,0.0922,224.0,122.0,17.108,1.695,1.068
saccade_user10_left_session_1_0_2_w021_a001310,saccade,1,1,188.162,112.574,16.47,882.0,0.2351,189.0,114.0,15.744,1.654,1.046
saccade_user10_left_session_1_0_2_w031_a002610,saccade,1,1,153.041,129.68,17.029,949.0,0.1468,154.0,132.0,16.321,2.511,1.043
saccade_user10_right_session_1_0_2_w041_a000410,saccade,1,1,249.209,117.757,18.597,1121.0,0.2231,249.0,119.0,16.96,1.261,1.097
saccade_user10_right_session_1_0_2_w051_a000510,saccade,1,1,226.494,111.317,20.274,1325.0,0.1864,226.0,113.0,18.632,1.754,1.088
saccade_user10_right_session_1_0_2_w061_a000610,saccade,1,1,196.352,105.405,19.037,1173.0,0.2541,196.0,106.0,17.764,0.691,1.072
saccade_user10_right_session_1_0_2_w071_a000810,saccade,1,1,201.999,99.546,18.127,1069.0,0.1433,202.0,101.0,17.371,1.454,1.044
saccade_user10_right_session_1_0_2_w081_a001210,saccade,1,1,259.697,95.764,15.014,717.0,0.1905,262.0,97.0,13.168,2.614,1.14
saccade_user10_right_session_1_0_2_w091_a001410,saccade,1,1,208.434,77.055,15.656,807.0,0.2827,209.0,78.0,14.978,1.101,1.045
saccade_user10_right_session_1_0_2_w101_a001510,saccade,1,1,182.68,79.091,15.233,763.0,0.3768,183.0,81.0,14.489,1.936,1.051
saccade_user10_right_session_1_0_2_w111_a002610,saccade,1,1,188.419,92.982,17.881,1038.0,0.1051,189.0,94.0,16.733,1.172,1.069
saccade_user1_left_session_1_0_2_w000_a000410,saccade,1,1,202.313,161.41,23.749,1786.0,0.2043,204.0,163.0,22.327,2.319,1.064
saccade_user1_left_session_1_0_2_w010_a000510,saccade,1,1,183.262,156.243,27.086,1964.0,0.0871,191.0,158.0,21.48,7.935,1.261
saccade_user1_left_session_1_0_2_w020_a000610,saccade,1,1,178.353,154.113,40.706,5271.0,0.1596,178.0,154.0,20.037,0.371,2.032
saccade_user1_left_session_1_0_2_w030_a000710,saccade,1,1,158.88,148.169,19.206,1200.0,0.1459,159.0,150.0,18.639,1.835,1.03
saccade_user1_left_session_1_0_2_w040_a001310,saccade,1,1,143.025,135.362,16.491,890.0,0.3083,143.0,136.0,16.358,0.639,1.008
saccade_user1_left_session_1_0_2_w050_a001410,saccade,1,1,145.054,132.515,15.98,827.0,0.1763,145.0,134.0,16.145,1.486,0.99
saccade_user1_left_session_1_0_2_w060_a001510,saccade,1,1,224.302,147.93,20.052,1308.0,0.2233,225.0,148.0,19.961,0.701,1.005
saccade_user1_left_session_1_0_2_w070_a001610,saccade,1,1,218.769,144.356,20.141,1320.0,0.3556,219.0,145.0,20.163,0.684,0.999
saccade_user1_left_session_1_0_2_w080_a001810,saccade,1,1,197.258,129.238,17.091,954.0,0.2047,198.0,130.0,17.07,1.063,1.001
saccade_user1_right_session_1_0_2_w090_a000310,saccade,1,1,153.276,117.726,18.072,1058.0,0.0842,154.0,119.0,17.347,1.465,1.042
saccade_user1_right_session_1_0_2_w100_a000410,saccade,1,1,228.914,154.767,38.108,4313.0,0.0837,229.0,156.0,19.169,1.236,1.988
saccade_user1_right_session_1_0_2_w110_a000610,saccade,1,1,205.289,142.604,19.813,1276.0,0.0823,206.0,144.0,18.683,1.567,1.06
saccade_user1_right_session_1_0_2_w120_a000710,saccade,1,1,183.216,138.314,44.21,6120.0,0.0903,189.0,139.0,18.169,5.825,2.433
saccade_user1_right_session_1_0_2_w129_a000910,saccade,1,1,161.931,131.293,19.2,1192.0,0.4074,162.0,132.0,18.508,0.711,1.037
saccade_user1_right_session_1_0_2_w137_a001310,saccade,1,1,162.87,115.691,37.361,4442.0,0.1063,165.0,116.0,17.137,2.153,2.18
saccade_user1_right_session_1_0_2_w144_a001410,saccade,1,1,166.077,113.245,17.271,971.0,0.1315,166.0,114.0,15.985,0.759,1.08
saccade_user1_right_session_1_0_2_w149_a001510,saccade,1,1,240.954,142.509,16.432,888.0,0.1093,241.0,143.0,15.579,0.493,1.055
saccade_user1_right_session_1_0_2_w153_a001810,saccade,1,1,222.455,117.868,16.163,858.0,0.0992,223.0,119.0,15.168,1.256,1.066
saccade_user2_left_session_1_0_2_w002_a000210,saccade,1,1,204.972,137.12,17.716,1019.0,0.1098,206.0,138.0,16.747,1.353,1.058
saccade_user2_left_session_1_0_2_w012_a000410,saccade,1,1,198.957,136.781,35.559,3922.0,0.1925,199.0,139.0,17.388,2.219,2.045
saccade_user2_left_session_1_0_2_w022_a000810,saccade,1,1,146.489,130.069,17.808,1027.0,0.1663,147.0,131.0,17.03,1.062,1.046
saccade_user2_left_session_1_0_2_w032_a001010,saccade,1,1,197.976,116.411,17.553,1006.0,0.0918,199.0,118.0,16.624,1.89,1.056
saccade_user2_left_session_1_0_2_w042_a001210,saccade,1,1,183.248,111.375,15.665,800.0,0.2378,184.0,112.0,14.732,0.977,1.063
saccade_user2_left_session_1_0_2_w052_a001310,saccade,1,1,157.383,109.728,14.848,696.0,0.202,157.0,111.0,13.6,1.329,1.092
saccade_user2_left_session_1_0_2_w062_a001510,saccade,1,1,138.74,117.496,16.337,602.0,0.0955,137.0,117.0,11.669,1.81,1.4
saccade_user2_right_session_1_0_2_w072_a000410,saccade,1,1,215.014,147.923,17.002,950.0,0.1429,215.0,149.0,16.035,1.077,1.06
saccade_user2_right_session_1_0_2_w082_a000510,saccade,1,1,174.191,151.749,35.235,3978.0,0.2116,175.0,151.0,17.161,1.103,2.053
saccade_user2_right_session_1_0_2_w092_a000610,saccade,1,1,146.952,146.781,16.709,908.0,0.1784,147.0,148.0,15.476,1.22,1.08
saccade_user2_right_session_1_0_2_w102_a000810,saccade,1,1,160.202,140.897,35.191,3962.0,0.1309,162.0,140.0,18.681,2.009,1.884
saccade_user2_right_session_1_0_2_w112_a000910,saccade,1,1,189.022,130.653,18.223,1071.0,0.2246,190.0,132.0,16.92,1.665,1.077
saccade_user2_right_session_1_0_2_w121_a001210,saccade,1,1,198.518,122.977,15.618,784.0,0.2299,199.0,123.0,14.593,0.483,1.07
saccade_user2_right_session_1_0_2_w130_a001510,saccade,1,1,140.987,122.313,16.134,854.0,0.3011,142.0,123.0,15.357,1.224,1.051
saccade_user2_right_session_1_0_2_w138_a002110,saccade,1,1,185.261,129.104,16.09,845.0,0.1384,186.0,130.0,15.274,1.161,1.053
saccade_user3_left_session_1_0_2_w003_a000410,saccade,1,1,194.053,130.164,19.885,1277.0,0.2047,195.0,132.0,19.42,2.066,1.024
saccade_user3_left_session_1_0_2_w013_a000910,saccade,1,1,156.264,118.049,34.727,3797.0,0.2644,156.0,112.0,16.414,6.055,2.116
saccade_user3_left_session_1_0_2_w023_a001010,saccade,1,1,190.121,100.805,15.724,805.0,0.1261,190.0,102.0,15.105,1.201,1.041
saccade_user3_left_session_1_0_2_w033_a001110,saccade,1,1,218.639,103.977,14.787,711.0,0.121,219.0,105.0,14.144,1.085,1.045
saccade_user3_left_session_1_0_2_w043_a001210,saccade,1,1,211.967,98.268,15.154,745.0,0.2135,213.0,99.0,14.219,1.266,1.066
saccade_user3_left_session_1_0_2_w053_a001310,saccade,1,1,188.906,89.995,13.488,606.0,0.2139,190.0,91.0,13.166,1.486,1.024
saccade_user3_left_session_1_0_2_w063_a001410,saccade,1,1,155.715,90.053,13.248,583.0,0.1619,157.0,90.0,12.608,1.286,1.051
saccade_user3_right_session_1_0_2_w073_a000410,saccade,1,0,,,,,,220.0,117.0,17.242,,
saccade_user3_right_session_1_0_2_w083_a000810,saccade,1,1,147.951,109.411,37.2,4392.0,0.1196,149.0,105.0,15.983,4.534,2.327
saccade_user3_right_session_1_0_2_w093_a000910,saccade,1,1,175.946,100.706,38.383,4678.0,0.1426,179.0,96.0,16.978,5.61,2.261
saccade_user3_right_session_1_0_2_w103_a001110,saccade,1,1,236.722,92.815,13.392,587.0,0.0996,237.0,94.0,12.703,1.217,1.054
saccade_user3_right_session_1_0_2_w113_a001210,saccade,1,1,237.39,88.826,13.759,621.0,0.0657,238.0,90.0,12.306,1.323,1.118
saccade_user3_right_session_1_0_2_w122_a001410,saccade,1,1,181.363,69.953,13.548,607.0,0.3825,183.0,71.0,13.058,1.943,1.038
saccade_user3_right_session_1_0_2_w131_a002710,saccade,1,1,133.124,101.09,14.786,719.0,0.2419,133.0,102.0,14.004,0.919,1.056
saccade_user4_left_session_1_0_2_w004_a000410,saccade,1,1,181.599,160.024,20.092,1307.0,0.381,183.0,161.0,19.999,1.708,1.005
saccade_user4_left_session_1_0_2_w014_a000510,saccade,1,1,162.085,154.599,22.118,1544.0,0.338,164.0,157.0,20.278,3.072,1.091
saccade_user4_left_session_1_0_2_w024_a000610,saccade,1,1,154.099,148.291,20.16,1318.0,0.3128,155.0,151.0,20.171,2.855,0.999
saccade_user4_left_session_1_0_2_w034_a000710,saccade,1,1,146.957,143.697,19.626,1250.0,0.241,149.0,145.0,20.079,2.423,0.977
saccade_user4_left_session_1_0_2_w044_a000810,saccade,1,1,139.249,140.035,17.946,1045.0,0.3061,140.0,141.0,17.911,1.222,1.002
saccade_user4_left_session_1_0_2_w054_a000910,saccade,1,1,104.23,141.262,15.978,837.0,0.2857,104.0,142.0,15.315,0.773,1.043
saccade_user4_left_session_1_0_2_w064_a001110,saccade,1,1,96.431,139.638,15.741,815.0,0.2341,97.0,141.0,15.178,1.476,1.037
saccade_user4_left_session_1_0_2_w074_a001310,saccade,1,1,106.157,128.535,15.715,804.0,0.2776,107.0,130.0,15.494,1.69,1.014
saccade_user4_left_session_1_0_2_w084_a001410,saccade,1,1,107.676,127.109,15.577,792.0,0.2298,108.0,128.0,15.428,0.948,1.01
saccade_user4_left_session_1_0_2_w094_a001710,saccade,1,1,166.86,139.697,20.135,1308.0,0.2191,167.0,141.0,19.744,1.31,1.02
saccade_user4_left_session_1_0_2_w104_a001810,saccade,1,1,149.392,133.869,19.613,1242.0,0.4706,150.0,135.0,18.529,1.284,1.059
saccade_user4_right_session_1_0_2_w114_a000410,saccade,1,1,243.148,152.597,17.344,986.0,0.2659,244.0,153.0,17.066,0.942,1.016
saccade_user4_right_session_1_0_2_w123_a000510,saccade,1,1,229.127,145.016,19.418,1220.0,0.4694,229.0,146.0,18.01,0.993,1.078
saccade_user4_right_session_1_0_2_w132_a000610,saccade,1,1,222.651,138.027,18.649,1130.0,0.4369,223.0,139.0,18.048,1.033,1.033
saccade_user4_right_session_1_0_2_w139_a000710,saccade,1,1,216.707,132.696,19.198,1196.0,0.219,217.0,134.0,18.615,1.336,1.031
saccade_user4_right_session_1_0_2_w145_a000810,saccade,1,1,208.031,127.538,17.887,1040.0,0.1868,209.0,129.0,16.935,1.755,1.056
saccade_user4_right_session_1_0_2_w150_a000910,saccade,1,1,169.236,122.521,17.346,977.0,0.2055,170.0,123.0,16.383,0.902,1.059
saccade_user4_right_session_1_0_2_w154_a001110,saccade,1,1,157.566,120.749,17.492,996.0,0.4191,158.0,121.0,16.991,0.501,1.029
saccade_user4_right_session_1_0_2_w157_a001310,saccade,1,1,166.393,110.198,17.175,958.0,0.6107,167.0,111.0,16.66,1.006,1.031
saccade_user4_right_session_1_0_2_w158_a001410,saccade,1,1,168.729,109.482,17.598,1008.0,0.5795,169.0,111.0,16.533,1.542,1.064
saccade_user4_right_session_1_0_2_w159_a001710,saccade,1,1,231.732,131.783,17.679,1009.0,0.3651,232.0,133.0,17.075,1.246,1.035
saccade_user4_right_session_1_0_2_w160_a001810,saccade,1,1,217.851,122.991,18.269,1077.0,0.4742,218.0,124.0,17.667,1.02,1.034
saccade_user5_left_session_1_0_2_w005_a000010,saccade,1,1,207.478,129.965,32.396,3150.0,0.0564,206.0,131.0,19.449,1.804,1.666
saccade_user5_left_session_1_0_2_w015_a000310,saccade,1,1,220.496,125.046,16.039,840.0,0.2059,221.0,126.0,15.995,1.079,1.003
saccade_user5_left_session_1_0_2_w025_a000810,saccade,1,1,199.089,139.917,34.903,3777.0,0.1803,196.0,139.0,16.962,3.222,2.058
saccade_user5_left_session_1_0_2_w035_a000910,saccade,1,1,208.011,132.905,17.035,940.0,0.1279,208.0,134.0,16.027,1.095,1.063
saccade_user5_left_session_1_0_2_w045_a001110,saccade,1,1,230.379,124.274,15.275,767.0,0.169,231.0,125.0,14.498,0.955,1.054
saccade_user5_left_session_1_0_2_w055_a001210,saccade,1,1,247.396,124.28,14.104,647.0,0.2387,248.0,125.0,13.46,0.939,1.048
saccade_user5_left_session_1_0_2_w065_a001810,saccade,1,1,231.353,133.279,14.689,711.0,0.2016,231.0,134.0,14.19,0.803,1.035
saccade_user5_left_session_1_0_2_w075_a002010,saccade,1,1,207.102,146.295,16.603,904.0,0.0822,208.0,148.0,15.507,1.927,1.071
saccade_user5_left_session_1_0_2_w085_a002410,saccade,1,1,175.449,153.075,15.765,814.0,0.1762,176.0,154.0,14.482,1.077,1.089
saccade_user5_right_session_1_0_2_w095_a000310,saccade,1,1,202.988,106.628,15.518,780.0,0.3309,203.0,107.0,14.62,0.372,1.061
saccade_user5_right_session_1_0_2_w105_a000910,saccade,1,1,193.442,112.642,16.041,841.0,0.0566,194.0,113.0,15.351,0.663,1.045
saccade_user5_right_session_1_0_2_w115_a001110,saccade,1,1,212.712,107.976,13.798,620.0,0.3126,213.0,109.0,13.155,1.064,1.049
saccade_user5_right_session_1_0_2_w124_a001810,saccade,1,1,215.118,115.611,13.088,563.0,0.2855,216.0,117.0,12.41,1.645,1.055
saccade_user6_left_session_1_0_2_w006_a000410,saccade,1,1,208.929,121.471,16.034,835.0,0.1231,210.0,122.0,14.588,1.195,1.099
saccade_user6_left_session_1_0_2_w016_a000510,saccade,1,1,192.109,112.684,35.032,3792.0,0.087,192.0,117.0,17.598,4.318,1.991
saccade_user6_left_session_1_0_2_w026_a000710,saccade,1,1,160.301,111.623,13.872,634.0,0.1948,160.0,113.0,13.366,1.409,1.038
saccade_user6_left_session_1_0_2_w036_a000810,saccade,1,1,153.538,107.347,13.058,566.0,0.191,154.0,110.0,11.956,2.693,1.092
saccade_user6_left_session_1_0_2_w046_a001410,saccade,1,1,140.226,89.572,11.741,454.0,0.2219,141.0,90.0,10.941,0.885,1.073
saccade_user6_left_session_1_0_2_w056_a001510,saccade,1,1,220.146,108.829,13.826,615.0,0.1046,220.0,109.0,13.423,0.225,1.03
saccade_user6_left_session_1_0_2_w066_a002410,saccade,1,1,136.432,100.146,11.582,437.0,0.1631,137.0,102.0,11.207,1.939,1.033
saccade_user6_right_session_1_0_2_w076_a000710,saccade,1,1,174.44,94.877,14.579,695.0,0.0635,175.0,96.0,13.879,1.256,1.05
saccade_user6_right_session_1_0_2_w086_a000810,saccade,1,1,167.342,89.509,14.187,658.0,0.086,168.0,90.0,13.0,0.821,1.091
saccade_user6_right_session_1_0_2_w096_a000910,saccade,1,1,148.476,85.096,14.468,683.0,0.1718,148.0,87.0,13.354,1.962,1.083
saccade_user6_right_session_1_0_2_w106_a001010,saccade,1,1,136.052,85.098,13.545,605.0,0.1928,136.0,86.0,12.835,0.904,1.055
saccade_user6_right_session_1_0_2_w116_a001410,saccade,1,1,149.105,70.77,12.016,478.0,0.3919,150.0,72.0,11.887,1.521,1.011
saccade_user6_right_session_1_0_2_w125_a001510,saccade,1,1,225.789,98.338,11.607,437.0,0.0893,226.0,99.0,10.551,0.694,1.1
saccade_user6_right_session_1_0_2_w133_a002310,saccade,1,1,156.303,71.252,12.627,531.0,0.2535,157.0,73.0,12.511,1.882,1.009
saccade_user6_right_session_1_0_2_w140_a002410,saccade,1,1,147.866,81.125,13.271,578.0,0.2257,148.0,82.0,12.939,0.885,1.026
saccade_user7_left_session_1_0_2_w007_a000410,saccade,1,1,172.402,102.356,15.874,827.0,0.0791,173.0,104.0,14.033,1.749,1.131
saccade_user7_left_session_1_0_2_w017_a000510,saccade,1,1,156.103,100.331,14.286,670.0,0.0835,157.0,101.0,12.793,1.119,1.117
saccade_user7_left_session_1_0_2_w027_a000610,saccade,1,1,149.923,96.202,14.223,668.0,0.1161,151.0,98.0,13.145,2.096,1.082
saccade_user7_left_session_1_0_2_w037_a000710,saccade,1,1,132.233,95.465,12.784,544.0,0.1495,133.0,97.0,11.708,1.716,1.092
saccade_user7_left_session_1_0_2_w047_a000910,saccade,1,1,109.684,92.751,11.354,425.0,0.0826,110.0,94.0,10.329,1.289,1.099
saccade_user7_left_session_1_0_2_w057_a001210,saccade,1,1,107.591,85.939,11.427,428.0,0.1412,108.0,88.0,9.73,2.101,1.174
saccade_user7_left_session_1_0_2_w067_a001310,saccade,1,1,111.459,81.799,10.812,383.0,0.0633,112.0,83.0,9.828,1.317,1.1
saccade_user7_left_session_1_0_2_w077_a001410,saccade,1,1,120.549,76.422,11.847,450.0,0.3962,122.0,77.0,10.342,1.562,1.146
saccade_user7_right_session_1_0_2_w087_a000410,saccade,1,1,227.617,107.455,13.979,640.0,0.3404,228.0,108.0,13.312,0.666,1.05
saccade_user7_right_session_1_0_2_w097_a000510,saccade,1,1,215.478,103.931,13.685,614.0,0.3295,216.0,105.0,13.27,1.19,1.031
saccade_user7_right_session_1_0_2_w107_a000610,saccade,1,1,209.262,99.752,14.267,675.0,0.4044,210.0,101.0,13.713,1.45,1.04
saccade_user7_right_session_1_0_2_w117_a000710,saccade,1,1,188.235,99.676,36.989,4296.0,0.2285,195.0,97.0,12.574,7.275,2.942
saccade_user7_right_session_1_0_2_w126_a000910,saccade,1,1,166.664,92.917,36.341,4116.0,0.2645,166.0,89.0,12.252,3.973,2.966
saccade_user7_right_session_1_0_2_w134_a001010,saccade,1,1,148.919,88.413,12.864,546.0,0.3829,150.0,89.0,11.939,1.23,1.077
saccade_user7_right_session_1_0_2_w141_a001210,saccade,1,1,150.372,84.128,12.677,527.0,0.2945,151.0,85.0,12.031,1.075,1.054
saccade_user7_right_session_1_0_2_w146_a001310,saccade,1,1,165.578,77.553,11.895,460.0,0.2413,166.0,78.0,11.217,0.615,1.06
saccade_user7_right_session_1_0_2_w151_a001410,saccade,1,1,176.115,73.561,12.224,490.0,0.4082,177.0,74.0,12.131,0.988,1.008
saccade_user7_right_session_1_0_2_w155_a002510,saccade,1,1,143.892,101.541,13.23,570.0,0.3095,145.0,102.0,12.361,1.2,1.07
saccade_user8_left_session_1_0_2_w008_a000410,saccade,1,1,179.495,118.566,13.005,556.0,0.1714,180.0,119.0,12.223,0.666,1.064
saccade_user8_left_session_1_0_2_w018_a000510,saccade,1,1,171.363,119.673,34.849,3894.0,0.2573,169.0,117.0,12.583,3.568,2.769
saccade_user8_left_session_1_0_2_w028_a000610,saccade,1,1,151.143,111.364,12.612,525.0,0.2014,152.0,112.0,11.711,1.067,1.077
saccade_user8_left_session_1_0_2_w038_a000810,saccade,1,1,125.232,108.149,11.272,418.0,0.1639,126.0,109.0,9.628,1.146,1.171
saccade_user8_left_session_1_0_2_w048_a000910,saccade,1,1,113.464,109.191,10.812,393.0,0.2125,114.0,111.0,9.808,1.887,1.102
saccade_user8_left_session_1_0_2_w058_a001410,saccade,1,1,111.999,95.929,10.53,371.0,0.0574,113.0,98.0,9.867,2.3,1.067
saccade_user8_left_session_1_0_2_w068_a001510,saccade,1,1,195.312,105.096,13.726,618.0,0.1206,196.0,106.0,12.815,1.136,1.071
saccade_user8_left_session_1_0_2_w078_a001610,saccade,1,1,186.948,101.299,13.223,570.0,0.137,187.0,102.0,12.303,0.703,1.075
saccade_user8_left_session_1_0_2_w088_a001910,saccade,1,1,154.067,81.155,11.765,462.0,0.4121,155.0,82.0,10.72,1.258,1.097
saccade_user8_right_session_1_0_2_w098_a000510,saccade,1,1,210.904,94.053,13.385,585.0,0.4441,211.0,96.0,13.078,1.949,1.024
saccade_user8_right_session_1_0_2_w108_a000610,saccade,1,1,194.775,86.925,13.594,607.0,0.236,195.0,88.0,12.203,1.099,1.114
saccade_user8_right_session_1_0_2_w118_a000810,saccade,1,1,164.289,77.944,12.862,548.0,0.1985,165.0,79.0,11.784,1.273,1.091
saccade_user8_right_session_1_0_2_w127_a000910,saccade,1,1,154.194,75.865,13.514,605.0,0.2629,155.0,77.0,12.353,1.392,1.094
saccade_user8_right_session_1_0_2_w135_a001310,saccade,1,1,142.294,67.458,12.549,517.0,0.3733,143.0,68.0,11.471,0.89,1.094
saccade_user8_right_session_1_0_2_w142_a001410,saccade,1,1,143.543,64.23,13.069,564.0,0.3863,145.0,65.0,11.905,1.648,1.098
saccade_user8_right_session_1_0_2_w147_a001810,saccade,1,1,204.554,64.571,12.955,552.0,0.4578,206.0,66.0,12.216,2.033,1.06
saccade_user9_left_session_1_0_2_w009_a000410,saccade,1,1,180.246,155.347,33.958,3229.0,0.1006,187.0,155.0,22.321,6.762,1.521
saccade_user9_left_session_1_0_2_w019_a000510,saccade,1,1,154.078,152.163,30.21,2783.0,0.3021,164.0,152.0,20.468,9.923,1.476
saccade_user9_left_session_1_0_2_w029_a000810,saccade,1,1,126.339,147.202,18.929,1147.0,0.1945,128.0,148.0,16.967,1.842,1.116
saccade_user9_left_session_1_0_2_w039_a000910,saccade,1,1,160.027,134.755,20.86,1407.0,0.3351,160.0,136.0,20.399,1.245,1.023
saccade_user9_left_session_1_0_2_w049_a001010,saccade,1,1,185.741,130.964,23.346,1649.0,0.0749,190.0,131.0,19.661,4.26,1.187
saccade_user9_left_session_1_0_2_w059_a001110,saccade,1,1,216.609,126.93,19.982,1297.0,0.3353,217.0,127.0,19.906,0.397,1.004
saccade_user9_left_session_1_0_2_w069_a001210,saccade,1,1,209.817,123.69,18.425,1108.0,0.2409,211.0,125.0,17.777,1.765,1.036
saccade_user9_left_session_1_0_2_w079_a001310,saccade,1,1,174.234,119.808,19.595,1238.0,0.3268,175.0,121.0,18.843,1.417,1.04
saccade_user9_left_session_1_0_2_w089_a001410,saccade,1,1,150.157,119.146,19.127,1184.0,0.4491,151.0,120.0,19.036,1.2,1.005
saccade_user9_left_session_1_0_2_w099_a002410,saccade,1,1,146.055,160.503,21.644,1514.0,0.3893,146.0,162.0,21.146,1.498,1.024
saccade_user9_right_session_1_0_2_w109_a000510,saccade,1,1,224.059,154.982,36.688,4296.0,0.2251,226.0,155.0,16.884,1.941,2.173
saccade_user9_right_session_1_0_2_w119_a000810,saccade,1,1,181.773,148.81,16.466,878.0,0.2109,182.0,150.0,15.254,1.211,1.079
saccade_user9_right_session_1_0_2_w128_a000910,saccade,1,1,217.657,140.826,37.923,4544.0,0.1934,220.0,142.0,16.004,2.62,2.37
saccade_user9_right_session_1_0_2_w136_a001010,saccade,1,1,245.202,139.182,15.083,738.0,0.2,245.0,140.0,14.383,0.842,1.049
saccade_user9_right_session_1_0_2_w143_a001310,saccade,1,1,232.526,130.657,14.813,714.0,0.1782,233.0,131.0,14.341,0.585,1.033
saccade_user9_right_session_1_0_2_w148_a001510,saccade,1,1,179.477,130.658,16.46,890.0,0.1756,181.0,132.0,15.833,2.03,1.04
saccade_user9_right_session_1_0_2_w152_a002210,saccade,1,1,219.66,134.913,16.102,836.0,0.1889,220.0,136.0,15.296,1.139,1.053
saccade_user9_right_session_1_0_2_w156_a002610,saccade,1,1,184.013,148.666,16.717,908.0,0.1378,184.0,149.0,15.89,0.334,1.052
smooth_pursuit_user10_left_session_2_0_1_w001_a000010,smooth_pursuit,1,1,188.445,126.835,21.044,1434.0,0.1239,189.0,128.0,20.644,1.29,1.019
smooth_pursuit_user10_left_session_2_0_1_w011_a000110,smooth_pursuit,1,1,188.9,125.953,21.056,1438.0,0.16,189.0,127.0,20.56,1.052,1.024
smooth_pursuit_user10_left_session_2_0_1_w021_a000210,smooth_pursuit,1,1,232.744,148.045,20.902,1410.0,0.4759,233.0,149.0,20.483,0.988,1.02
smooth_pursuit_user10_left_session_2_0_1_w031_a000410,smooth_pursuit,1,1,147.229,137.516,18.774,1122.0,0.1468,150.0,137.0,16.775,2.819,1.119
smooth_pursuit_user10_left_session_2_0_1_w041_a000510,smooth_pursuit,1,1,207.551,122.296,18.608,1120.0,0.1904,208.0,123.0,17.628,0.835,1.056
smooth_pursuit_user10_left_session_2_0_1_w051_a000610,smooth_pursuit,1,1,203.8,137.484,47.712,6806.0,0.1112,223.0,133.0,17.958,19.716,2.657
smooth_pursuit_user10_left_session_2_0_1_w061_a000710,smooth_pursuit,1,1,163.617,134.603,17.248,974.0,0.4196,163.0,136.0,16.831,1.527,1.025
smooth_pursuit_user10_left_session_2_0_1_w071_a000810,smooth_pursuit,1,1,149.122,136.148,14.9,728.0,0.1805,149.0,137.0,14.432,0.861,1.032
smooth_pursuit_user10_left_session_2_0_1_w081_a000910,smooth_pursuit,1,1,154.811,131.246,16.492,873.0,0.1685,155.0,132.0,15.348,0.777,1.075
smooth_pursuit_user10_left_session_2_0_1_w091_a001010,smooth_pursuit,1,1,171.347,131.21,18.517,1117.0,0.3796,172.0,133.0,17.641,1.906,1.05
smooth_pursuit_user10_left_session_2_0_1_w101_a001110,smooth_pursuit,1,1,222.561,114.775,16.984,945.0,0.1198,224.0,116.0,16.299,1.89,1.042
smooth_pursuit_user10_left_session_2_0_1_w111_a001210,smooth_pursuit,1,1,158.239,143.542,18.676,1133.0,0.4154,158.0,145.0,18.325,1.478,1.019
smooth_pursuit_user10_left_session_2_0_1_w121_a001410,smooth_pursuit,1,1,203.33,111.513,15.798,820.0,0.2069,204.0,113.0,14.796,1.631,1.068
smooth_pursuit_user10_left_session_2_0_1_w131_a001510,smooth_pursuit,1,1,189.507,116.295,19.371,1213.0,0.1992,190.0,118.0,18.293,1.774,1.059
smooth_pursuit_user10_left_session_2_0_1_w141_a001610,smooth_pursuit,1,1,171.829,138.39,19.907,1240.0,0.2154,174.0,139.0,17.886,2.255,1.113
smooth_pursuit_user10_left_session_2_0_1_w151_a001710,smooth_pursuit,1,1,212.686,135.675,40.389,4906.0,0.1359,214.0,135.0,18.852,1.477,2.142
smooth_pursuit_user1_left_session_2_0_1_w000_a000010,smooth_pursuit,1,1,166.906,134.694,20.582,1375.0,0.2173,167.0,136.0,20.243,1.309,1.017
smooth_pursuit_user1_left_session_2_0_1_w010_a000110,smooth_pursuit,1,1,166.532,135.675,23.27,1744.0,0.316,168.0,137.0,22.366,1.977,1.04
smooth_pursuit_user1_left_session_2_0_1_w020_a000210,smooth_pursuit,1,1,219.322,158.219,21.905,1555.0,0.1857,220.0,160.0,21.039,1.905,1.041
smooth_pursuit_user1_left_session_2_0_1_w030_a000310,smooth_pursuit,1,1,139.19,130.38,17.255,973.0,0.3773,140.0,131.0,16.434,1.02,1.05
smooth_pursuit_user1_left_session_2_0_1_w040_a000410,smooth_pursuit,1,1,129.595,150.582,17.512,1004.0,0.1497,130.0,152.0,16.817,1.475,1.041
smooth_pursuit_user1_left_session_2_0_1_w050_a000510,smooth_pursuit,1,1,189.777,118.076,16.32,873.0,0.2077,190.0,119.0,15.844,0.95,1.03
smooth_pursuit_user1_left_session_2_0_1_w060_a000610,smooth_pursuit,1,0,,,,,,203.0,140.0,18.485,,
smooth_pursuit_user1_left_session_2_0_1_w070_a000710,smooth_pursuit,1,1,139.364,148.422,17.629,1011.0,0.0572,140.0,148.0,17.346,0.763,1.016
smooth_pursuit_user1_left_session_2_0_1_w080_a000810,smooth_pursuit,1,1,129.237,149.575,16.438,886.0,0.2704,130.0,150.0,15.432,0.873,1.065
smooth_pursuit_user1_left_session_2_0_1_w090_a000910,smooth_pursuit,1,1,135.18,142.567,15.693,801.0,0.2494,135.0,144.0,14.33,1.444,1.095
smooth_pursuit_user1_left_session_2_0_1_w100_a001010,smooth_pursuit,1,1,146.976,141.4,17.418,990.0,0.1878,148.0,142.0,16.436,1.187,1.06
smooth_pursuit_user1_left_session_2_0_1_w110_a001110,smooth_pursuit,1,1,200.681,119.17,16.64,901.0,0.2351,201.0,120.0,15.794,0.889,1.054
smooth_pursuit_user1_left_session_2_0_1_w120_a001210,smooth_pursuit,1,1,134.603,158.998,15.926,833.0,0.1154,135.0,160.0,15.201,1.078,1.048
smooth_pursuit_user1_left_session_2_0_1_w130_a001410,smooth_pursuit,1,1,178.161,120.293,16.131,855.0,0.1654,178.0,121.0,15.513,0.725,1.04
smooth_pursuit_user1_left_session_2_0_1_w140_a001510,smooth_pursuit,1,1,166.68,125.017,16.589,895.0,0.2817,167.0,126.0,16.265,1.034,1.02
smooth_pursuit_user1_left_session_2_0_1_w150_a001610,smooth_pursuit,1,1,146.092,150.942,17.444,990.0,0.13,147.0,152.0,16.569,1.394,1.053
smooth_pursuit_user1_left_session_2_0_1_w160_a001710,smooth_pursuit,1,1,193.804,145.136,42.451,5357.0,0.0884,192.0,140.0,16.923,5.444,2.508
smooth_pursuit_user2_left_session_2_0_1_w002_a000026,smooth_pursuit,1,1,163.897,124.253,16.396,877.0,0.2346,164.0,126.0,16.006,1.75,1.024
smooth_pursuit_user2_left_session_2_0_1_w012_a000042,smooth_pursuit,1,1,163.932,123.905,15.027,730.0,0.284,164.0,125.0,14.05,1.098,1.07
smooth_pursuit_user2_left_session_2_0_1_w022_a000110,smooth_pursuit,1,1,163.163,124.078,16.625,893.0,0.2826,163.0,125.0,15.539,0.937,1.07
smooth_pursuit_user2_left_session_2_0_1_w032_a000210,smooth_pursuit,1,1,205.257,131.85,17.622,1013.0,0.077,207.0,132.0,16.007,1.75,1.101
smooth_pursuit_user2_left_session_2_0_1_w042_a000310,smooth_pursuit,1,1,134.569,123.751,12.169,489.0,0.0879,134.0,126.0,11.313,2.32,1.076
smooth_pursuit_user2_left_session_2_0_1_w052_a000410,smooth_pursuit,1,1,138.362,133.078,14.981,708.0,0.1526,138.0,135.0,13.51,1.956,1.109
smooth_pursuit_user2_left_session_2_0_1_w062_a000510,smooth_pursuit,1,1,190.07,113.432,15.293,769.0,0.2293,191.0,115.0,14.608,1.823,1.047
smooth_pursuit_user2_left_session_2_0_1_w072_a000610,smooth_pursuit,1,1,189.517,128.513,35.872,3912.0,0.176,191.0,128.0,16.346,1.569,2.195
smooth_pursuit_user2_left_session_2_0_1_w082_a000710,smooth_pursuit,1,1,139.785,133.692,14.852,705.0,0.2218,141.0,135.0,13.319,1.785,1.115
smooth_pursuit_user2_left_session_2_0_1_w092_a000810,smooth_pursuit,1,1,131.798,137.522,13.405,591.0,0.1259,132.0,139.0,12.711,1.492,1.055
smooth_pursuit_user2_left_session_2_0_1_w102_a000910,smooth_pursuit,1,1,133.247,133.153,12.896,554.0,0.118,134.0,135.0,12.377,1.994,1.042
smooth_pursuit_user2_left_session_2_0_1_w112_a001010,smooth_pursuit,1,1,143.525,132.967,14.53,697.0,0.2667,144.0,134.0,13.685,1.137,1.062
smooth_pursuit_user2_left_session_2_0_1_w122_a001110,smooth_pursuit,1,1,187.588,116.619,14.697,705.0,0.2877,189.0,117.0,14.134,1.462,1.04
smooth_pursuit_user2_left_session_2_0_1_w132_a001210,smooth_pursuit,1,1,135.393,145.31,15.19,761.0,0.1559,136.0,147.0,14.668,1.795,1.036
smooth_pursuit_user2_left_session_2_0_1_w142_a001310,smooth_pursuit,1,1,172.079,140.48,33.775,3519.0,0.3236,174.0,137.0,17.024,3.975,1.984
smooth_pursuit_user2_left_session_2_0_1_w152_a001410,smooth_pursuit,1,1,171.063,113.799,15.224,761.0,0.2657,172.0,115.0,14.52,1.523,1.048
smooth_pursuit_user3_left_session_2_0_1_w003_a000010,smooth_pursuit,1,1,160.986,107.002,14.368,676.0,0.1584,161.0,108.0,13.665,0.998,1.051
smooth_pursuit_user3_left_session_2_0_1_w013_a000110,smooth_pursuit,1,1,163.835,113.842,35.909,4052.0,0.1588,163.0,107.0,17.243,6.893,2.082
smooth_pursuit_user3_left_session_2_0_1_w023_a000210,smooth_pursuit,1,1,215.491,128.094,18.137,1052.0,0.1091,216.0,129.0,17.469,1.039,1.038
smooth_pursuit_user3_left_session_2_0_1_w033_a000310,smooth_pursuit,1,1,121.888,104.002,11.52,437.0,0.08,123.0,105.0,10.265,1.495,1.122
smooth_pursuit_user3_left_session_2_0_1_w043_a000410,smooth_pursuit,1,1,119.872,122.131,13.561,607.0,0.1535,121.0,123.0,11.756,1.423,1.154
smooth_pursuit_user3_left_session_2_0_1_w053_a000510,smooth_pursuit,1,1,188.922,87.074,12.616,527.0,0.1215,189.0,88.0,11.534,0.929,1.094
smooth_pursuit_user3_left_session_2_0_1_w063_a000610,smooth_pursuit,1,1,200.224,111.104,16.983,942.0,0.0869,200.0,112.0,16.079,0.923,1.056
smooth_pursuit_user3_left_session_2_0_1_w073_a000710,smooth_pursuit,1,1,130.748,120.092,15.03,744.0,0.1281,132.0,120.0,14.266,1.256,1.054
smooth_pursuit_user3_left_session_2_0_1_w083_a000910,smooth_pursuit,1,1,123.965,112.952,12.855,547.0,0.2965,125.0,115.0,12.285,2.295,1.046
smooth_pursuit_user3_left_session_2_0_1_w093_a001010,smooth_pursuit,1,1,141.493,109.843,14.597,695.0,0.3119,142.0,110.0,13.833,0.531,1.055
smooth_pursuit_user3_left_session_2_0_1_w103_a001110,smooth_pursuit,1,1,200.873,88.325,12.305,497.0,0.2403,202.0,89.0,11.841,1.314,1.039
smooth_pursuit_user3_left_session_2_0_1_w113_a001210,smooth_pursuit,1,1,124.715,129.097,15.262,763.0,0.1028,125.0,130.0,14.333,0.947,1.065
smooth_pursuit_user3_left_session_2_0_1_w123_a001410,smooth_pursuit,1,1,175.537,87.531,13.659,603.0,0.1788,176.0,88.0,12.939,0.659,1.056
smooth_pursuit_user3_left_session_2_0_1_w133_a001510,smooth_pursuit,1,1,165.402,90.123,15.696,811.0,0.1989,165.0,91.0,14.387,0.965,1.091
smooth_pursuit_user3_left_session_2_0_1_w143_a001610,smooth_pursuit,1,1,138.451,119.505,13.919,628.0,0.2437,139.0,121.0,12.579,1.593,1.107
smooth_pursuit_user3_left_session_2_0_1_w153_a001710,smooth_pursuit,1,1,190.108,109.044,15.702,799.0,0.1999,191.0,110.0,14.729,1.307,1.066
smooth_pursuit_user4_left_session_2_0_1_w004_a000110,smooth_pursuit,1,1,127.631,135.798,19.585,1245.0,0.4434,128.0,137.0,19.347,1.257,1.012
smooth_pursuit_user4_left_session_2_0_1_w014_a000210,smooth_pursuit,1,1,183.162,157.478,20.339,1343.0,0.3045,184.0,158.0,19.899,0.988,1.022
smooth_pursuit_user4_left_session_2_0_1_w024_a000310,smooth_pursuit,1,1,141.965,120.022,18.659,1136.0,0.6352,143.0,121.0,18.195,1.424,1.026
smooth_pursuit_user4_left_session_2_0_1_w034_a000410,smooth_pursuit,1,1,85.463,152.161,17.107,946.0,0.3475,86.0,153.0,16.092,0.996,1.063
smooth_pursuit_user4_left_session_2_0_1_w044_a000510,smooth_pursuit,1,1,152.844,117.235,17.481,994.0,0.6059,153.0,119.0,16.659,1.772,1.049
smooth_pursuit_user4_left_session_2_0_1_w054_a000610,smooth_pursuit,1,1,165.678,137.982,18.876,1156.0,0.2759,166.0,139.0,18.294,1.068,1.032
smooth_pursuit_user4_left_session_2_0_1_w064_a000710,smooth_pursuit,1,1,96.04,148.073,16.298,873.0,0.4827,97.0,149.0,16.038,1.334,1.016
smooth_pursuit_user4_left_session_2_0_1_w074_a000810,smooth_pursuit,1,1,87.019,147.946,16.645,881.0,0.264,87.0,149.0,15.456,1.054,1.077
smooth_pursuit_user4_left_session_2_0_1_w084_a000910,smooth_pursuit,1,1,90.586,143.713,15.541,796.0,0.295,91.0,145.0,14.562,1.352,1.067
smooth_pursuit_user4_left_session_2_0_1_w094_a001010,smooth_pursuit,1,1,105.722,140.192,17.962,1054.0,0.4267,107.0,141.0,17.261,1.512,1.041
smooth_pursuit_user4_left_session_2_0_1_w104_a001110,smooth_pursuit,1,1,163.692,121.703,16.998,941.0,0.3672,165.0,123.0,16.049,1.843,1.059
smooth_pursuit_user4_left_session_2_0_1_w114_a001210,smooth_pursuit,1,1,89.373,161.744,16.558,887.0,0.3183,89.0,162.0,15.836,0.452,1.046
smooth_pursuit_user4_left_session_2_0_1_w124_a001310,smooth_pursuit,1,1,141.538,148.7,20.671,1378.0,0.4323,142.0,151.0,19.533,2.346,1.058
smooth_pursuit_user4_left_session_2_0_1_w134_a001410,smooth_pursuit,1,1,140.443,119.931,15.99,832.0,0.6262,142.0,121.0,15.557,1.889,1.028
smooth_pursuit_user4_left_session_2_0_1_w144_a001510,smooth_pursuit,1,1,127.159,125.018,16.316,863.0,0.4379,128.0,126.0,15.544,1.293,1.05
smooth_pursuit_user4_left_session_2_0_1_w154_a001610,smooth_pursuit,1,1,107.308,148.158,16.344,875.0,0.4543,107.0,150.0,15.821,1.867,1.033
smooth_pursuit_user5_left_session_2_0_1_w005_a000010,smooth_pursuit,1,1,207.648,135.975,19.516,1238.0,0.1226,208.0,137.0,18.742,1.084,1.041
smooth_pursuit_user5_left_session_2_0_1_w015_a000110,smooth_pursuit,1,1,206.234,135.43,16.924,934.0,0.1823,207.0,136.0,15.817,0.955,1.07
smooth_pursuit_user5_left_session_2_0_1_w025_a000210,smooth_pursuit,1,1,249.323,159.984,17.927,1043.0,0.2331,250.0,161.0,16.341,1.221,1.097
smooth_pursuit_user5_left_session_2_0_1_w035_a000310,smooth_pursuit,1,1,217.156,147.548,34.847,3812.0,0.1745,217.0,147.0,18.308,0.57,1.903
smooth_pursuit_user5_left_session_2_0_1_w045_a000410,smooth_pursuit,1,1,176.223,144.401,16.821,922.0,0.1281,176.0,145.0,15.898,0.639,1.058
smooth_pursuit_user5_left_session_2_0_1_w055_a000510,smooth_pursuit,1,1,224.811,120.208,13.647,616.0,0.2564,225.0,121.0,12.615,0.814,1.082
smooth_pursuit_user5_left_session_2_0_1_w065_a000610,smooth_pursuit,1,1,236.515,142.329,16.892,923.0,0.1071,236.0,143.0,15.466,0.846,1.092
smooth_pursuit_user5_left_session_2_0_1_w075_a000710,smooth_pursuit,1,1,210.793,135.062,15.083,740.0,0.152,212.0,136.0,14.008,1.529,1.077
smooth_pursuit_user5_left_session_2_0_1_w085_a000810,smooth_pursuit,1,1,166.227,149.234,15.978,832.0,0.1584,166.0,151.0,14.592,1.78,1.095
smooth_pursuit_user5_left_session_2_0_1_w095_a000910,smooth_pursuit,1,1,169.445,139.617,14.951,718.0,0.2093,169.0,141.0,13.44,1.453,1.112
smooth_pursuit_user5_left_session_2_0_1_w105_a001010,smooth_pursuit,1,1,208.203,144.44,35.895,4077.0,0.1069,208.0,144.0,16.758,0.484,2.142
smooth_pursuit_user5_left_session_2_0_1_w115_a001110,smooth_pursuit,1,1,233.962,123.224,14.625,693.0,0.3002,234.0,124.0,13.982,0.777,1.046
smooth_pursuit_user5_left_session_2_0_1_w125_a001210,smooth_pursuit,1,1,166.713,156.505,16.466,883.0,0.2547,167.0,158.0,15.191,1.522,1.084
smooth_pursuit_user5_left_session_2_0_1_w135_a001310,smooth_pursuit,1,1,216.01,164.17,33.882,3585.0,0.1546,218.0,163.0,16.496,2.309,2.054
smooth_pursuit_user5_left_session_2_0_1_w145_a001410,smooth_pursuit,1,1,212.515,121.276,14.296,671.0,0.2424,213.0,123.0,13.054,1.791,1.095
smooth_pursuit_user5_left_session_2_0_1_w155_a001510,smooth_pursuit,1,1,202.683,124.443,13.881,631.0,0.1976,203.0,125.0,13.202,0.641,1.051
smooth_pursuit_user6_left_session_2_0_1_w006_a000110,smooth_pursuit,1,1,170.073,106.706,14.393,680.0,0.1261,171.0,108.0,13.706,1.592,1.05
smooth_pursuit_user6_left_session_2_0_1_w016_a000210,smooth_pursuit,1,0,,,,,,220.0,131.0,15.469,,
smooth_pursuit_user6_left_session_2_0_1_w026_a000310,smooth_pursuit,1,1,130.87,99.694,10.48,351.0,0.1696,131.0,101.0,9.836,1.313,1.065
smooth_pursuit_user6_left_session_2_0_1_w036_a000410,smooth_pursuit,1,1,130.877,117.692,12.917,551.0,0.1415,131.0,118.0,11.79,0.331,1.096
smooth_pursuit_user6_left_session_2_0_1_w046_a000510,smooth_pursuit,1,1,195.604,87.747,11.788,462.0,0.2787,196.0,89.0,11.27,1.314,1.046
smooth_pursuit_user6_left_session_2_0_1_w056_a000610,smooth_pursuit,1,1,206.003,108.689,14.31,659.0,0.202,206.0,110.0,12.651,1.311,1.131
smooth_pursuit_user6_left_session_2_0_1_w066_a000710,smooth_pursuit,1,1,179.86,98.135,13.065,562.0,0.2294,180.0,99.0,12.175,0.876,1.073
smooth_pursuit_user6_left_session_2_0_1_w076_a000810,smooth_pursuit,1,1,129.969,114.532,12.721,538.0,0.0914,130.0,116.0,11.603,1.468,1.096
smooth_pursuit_user6_left_session_2_0_1_w086_a000910,smooth_pursuit,1,1,133.609,108.427,11.963,478.0,0.1295,134.0,109.0,10.717,0.694,1.116
smooth_pursuit_user6_left_session_2_0_1_w096_a001010,smooth_pursuit,1,1,183.063,94.11,12.822,543.0,0.2994,184.0,96.0,12.107,2.11,1.059
smooth_pursuit_user6_left_session_2_0_1_w106_a001110,smooth_pursuit,1,1,203.787,87.449,12.659,522.0,0.2655,204.0,88.0,11.979,0.591,1.057
smooth_pursuit_user6_left_session_2_0_1_w116_a001210,smooth_pursuit,1,1,135.208,121.351,13.215,573.0,0.168,136.0,123.0,11.671,1.829,1.132
smooth_pursuit_user6_left_session_2_0_1_w126_a001310,smooth_pursuit,1,1,160.494,118.464,16.499,886.0,0.1452,161.0,120.0,14.48,1.617,1.139
smooth_pursuit_user6_left_session_2_0_1_w136_a001410,smooth_pursuit,1,1,181.152,84.036,12.948,551.0,0.2885,182.0,85.0,11.952,1.284,1.083
smooth_pursuit_user6_left_session_2_0_1_w146_a001510,smooth_pursuit,1,1,170.19,88.488,11.913,464.0,0.3767,171.0,89.0,10.933,0.959,1.09
smooth_pursuit_user6_left_session_2_0_1_w156_a001610,smooth_pursuit,1,1,168.575,87.063,12.252,496.0,0.2912,170.0,88.0,11.409,1.706,1.074
smooth_pursuit_user7_left_session_2_0_1_w007_a000110,smooth_pursuit,1,1,127.419,85.811,14.557,694.0,0.1127,128.0,87.0,12.745,1.324,1.142
smooth_pursuit_user7_left_session_2_0_1_w017_a000210,smooth_pursuit,1,1,173.518,105.029,15.64,792.0,0.0897,174.0,105.0,14.022,0.483,1.115
smooth_pursuit_user7_left_session_2_0_1_w027_a000310,smooth_pursuit,1,1,91.411,85.058,10.49,369.0,0.0571,92.0,87.0,8.669,2.03,1.21
smooth_pursuit_user7_left_session_2_0_1_w037_a000410,smooth_pursuit,1,1,90.169,102.773,12.071,474.0,0.0714,90.0,104.0,10.241,1.238,1.179
smooth_pursuit_user7_left_session_2_0_1_w047_a000510,smooth_pursuit,1,1,148.315,71.563,12.282,502.0,0.2607,149.0,73.0,11.366,1.591,1.081
smooth_pursuit_user7_left_session_2_0_1_w057_a000610,smooth_pursuit,1,1,158.297,87.649,14.542,692.0,0.101,158.0,89.0,13.101,1.383,1.11
smooth_pursuit_user7_left_session_2_0_1_w067_a000710,smooth_pursuit,1,1,97.153,98.346,12.577,526.0,0.1061,98.0,99.0,12.013,1.07,1.047
smooth_pursuit_user7_left_session_2_0_1_w077_a000810,smooth_pursuit,1,1,91.975,96.45,11.352,435.0,0.0985,93.0,98.0,10.057,1.858,1.129
smooth_pursuit_user7_left_session_2_0_1_w087_a000910,smooth_pursuit,1,1,92.04,92.993,10.725,386.0,0.1072,92.0,95.0,9.158,2.008,1.171
smooth_pursuit_user7_left_session_2_0_1_w097_a001010,smooth_pursuit,1,1,117.739,85.17,12.225,491.0,0.0943,118.0,86.0,10.694,0.87,1.143
smooth_pursuit_user7_left_session_2_0_1_w107_a001110,smooth_pursuit,1,1,156.704,72.389,13.301,562.0,0.2499,157.0,73.0,11.836,0.679,1.124
smooth_pursuit_user7_left_session_2_0_1_w117_a001210,smooth_pursuit,1,1,93.874,106.415,11.889,466.0,0.1046,94.0,108.0,11.128,1.59,1.068
smooth_pursuit_user7_left_session_2_0_1_w127_a001310,smooth_pursuit,1,1,129.566,82.277,14.735,698.0,0.1142,130.0,84.0,13.055,1.777,1.129
smooth_pursuit_user7_left_session_2_0_1_w137_a001410,smooth_pursuit,1,1,137.938,69.988,11.534,443.0,0.2379,139.0,71.0,10.708,1.467,1.077
smooth_pursuit_user7_left_session_2_0_1_w147_a001510,smooth_pursuit,1,1,125.577,75.275,11.703,444.0,0.3007,127.0,76.0,10.745,1.597,1.089
smooth_pursuit_user7_left_session_2_0_1_w157_a001610,smooth_pursuit,1,1,107.002,96.012,12.91,550.0,0.1253,107.0,97.0,11.922,0.988,1.083
smooth_pursuit_user8_left_session_2_0_1_w008_a000110,smooth_pursuit,1,1,142.83,101.187,13.049,557.0,0.2928,144.0,102.0,12.249,1.425,1.065
smooth_pursuit_user8_left_session_2_0_1_w018_a000210,smooth_pursuit,1,1,195.978,118.533,12.792,531.0,0.1546,196.0,119.0,11.726,0.468,1.091
smooth_pursuit_user8_left_session_2_0_1_w028_a000310,smooth_pursuit,1,0,,,,,,108.0,100.0,8.534,,
smooth_pursuit_user8_left_session_2_0_1_w038_a000410,smooth_pursuit,1,1,105.633,118.273,10.525,365.0,0.1313,105.0,120.0,9.419,1.84,1.117
smooth_pursuit_user8_left_session_2_0_1_w048_a000510,smooth_pursuit,1,1,164.317,82.16,10.892,397.0,0.29,165.0,83.0,10.148,1.082,1.073
smooth_pursuit_user8_left_session_2_0_1_w058_a000610,smooth_pursuit,1,1,183.678,87.349,11.341,426.0,0.3269,185.0,88.0,10.771,1.474,1.053
smooth_pursuit_user8_left_session_2_0_1_w068_a000710,smooth_pursuit,1,1,138.056,102.905,11.29,426.0,0.2521,139.0,104.0,10.149,1.445,1.112
smooth_pursuit_user8_left_session_2_0_1_w078_a000810,smooth_pursuit,1,1,105.617,113.795,10.164,339.0,0.1039,106.0,116.0,8.934,2.238,1.138
smooth_pursuit_user8_left_session_2_0_1_w088_a000910,smooth_pursuit,1,1,112.071,111.688,9.856,325.0,0.1504,112.0,114.0,8.584,2.313,1.148
smooth_pursuit_user8_left_session_2_0_1_w098_a001010,smooth_pursuit,1,1,126.063,106.873,10.994,403.0,0.1917,126.0,108.0,10.131,1.129,1.085
smooth_pursuit_user8_left_session_2_0_1_w108_a001110,smooth_pursuit,1,1,179.663,87.054,11.23,406.0,0.4116,180.0,88.0,10.184,1.004,1.103
smooth_pursuit_user8_left_session_2_0_1_w118_a001210,smooth_pursuit,1,1,114.615,124.879,10.614,376.0,0.2579,115.0,127.0,9.857,2.155,1.077
smooth_pursuit_user8_left_session_2_0_1_w128_a001310,smooth_pursuit,1,1,160.319,119.411,12.899,555.0,0.1316,161.0,121.0,12.186,1.729,1.059
smooth_pursuit_user8_left_session_2_0_1_w138_a001410,smooth_pursuit,1,1,155.761,84.59,10.035,338.0,0.3587,157.0,86.0,9.445,1.877,1.063
smooth_pursuit_user8_left_session_2_0_1_w148_a001510,smooth_pursuit,1,1,145.681,96.086,10.783,388.0,0.3052,146.0,97.0,10.308,0.968,1.046
smooth_pursuit_user8_left_session_2_0_1_w158_a001610,smooth_pursuit,1,1,129.315,117.856,11.114,407.0,0.2695,129.0,119.0,10.383,1.186,1.07
smooth_pursuit_user9_left_session_2_0_1_w009_a000010,smooth_pursuit,1,1,160.524,133.851,20.085,1308.0,0.3682,161.0,135.0,19.051,1.244,1.054
smooth_pursuit_user9_left_session_2_0_1_w019_a000110,smooth_pursuit,1,1,161.121,133.716,20.83,1399.0,0.3694,162.0,135.0,20.662,1.556,1.008
smooth_pursuit_user9_left_session_2_0_1_w029_a000210,smooth_pursuit,1,1,215.974,117.13,17.996,1057.0,0.3169,217.0,118.0,17.223,1.345,1.045
smooth_pursuit_user9_left_session_2_0_1_w039_a000510,smooth_pursuit,1,1,186.686,115.868,19.022,1178.0,0.4296,187.0,117.0,18.649,1.175,1.02
smooth_pursuit_user9_left_session_2_0_1_w049_a000610,smooth_pursuit,1,1,197.931,137.836,21.173,1446.0,0.2442,198.0,139.0,20.698,1.166,1.023
smooth_pursuit_user9_left_session_2_0_1_w059_a000710,smooth_pursuit,1,1,132.045,143.197,20.485,1361.0,0.3708,132.0,144.0,20.106,0.804,1.019
smooth_pursuit_user9_left_session_2_0_1_w069_a000810,smooth_pursuit,1,1,125.218,144.476,18.471,1112.0,0.482,126.0,146.0,17.296,1.713,1.068
smooth_pursuit_user9_left_session_2_0_1_w079_a000910,smooth_pursuit,1,1,127.939,140.576,17.743,1028.0,0.5311,129.0,141.0,17.306,1.143,1.025
smooth_pursuit_user9_left_session_2_0_1_w089_a001010,smooth_pursuit,1,1,140.363,139.03,18.574,1127.0,0.2803,141.0,140.0,18.392,1.16,1.01
smooth_pursuit_user9_left_session_2_0_1_w099_a001110,smooth_pursuit,1,1,197.64,116.52,18.729,1142.0,0.54,199.0,118.0,18.214,2.01,1.028
smooth_pursuit_user9_left_session_2_0_1_w109_a001210,smooth_pursuit,1,1,129.521,157.227,18.607,1134.0,0.3966,130.0,158.0,17.921,0.91,1.038
smooth_pursuit_user9_left_session_2_0_1_w119_a001310,smooth_pursuit,1,1,180.954,160.3,22.544,1641.0,0.0947,181.0,161.0,23.12,0.701,0.975
smooth_pursuit_user9_left_session_2_0_1_w129_a001410,smooth_pursuit,1,1,170.304,114.756,19.309,1211.0,0.3536,171.0,116.0,18.989,1.426,1.017
smooth_pursuit_user9_left_session_2_0_1_w139_a001510,smooth_pursuit,1,1,161.143,120.822,17.9,1034.0,0.3106,162.0,122.0,17.398,1.457,1.029
smooth_pursuit_user9_left_session_2_0_1_w149_a001610,smooth_pursuit,1,1,141.909,146.898,17.739,1025.0,0.2688,142.0,148.0,17.497,1.106,1.014
smooth_pursuit_user9_left_session_2_0_1_w159_a001710,smooth_pursuit,1,1,189.882,138.835,22.228,1593.0,0.154,191.0,140.0,21.378,1.614,1.04
