group_id,semantic_hash,path,zone,qualname,line,loc
1,0081a4d32c11affbe259,algorithm/common/src/EvEye/model/DavisEyeEllipse/EPNet/Loss.py,maintained,gwd_loss,259,63
1,0081a4d32c11affbe259,algorithm/common/src/EvEye/model/DavisEyeEllipse/HBTXR/Loss.py,maintained,gwd_loss,259,63
2,01114b0e4fb2f8654557,algorithm/common/src/EvEye/model/DavisEyeEllipse/EPNet/EPNet.py,maintained,EPNet.configure_optimizers,304,10
2,01114b0e4fb2f8654557,algorithm/common/src/EvEye/model/DavisEyeEllipse/HBTXR/HBTXR.py,maintained,HBTXR.configure_optimizers,132,10
2,01114b0e4fb2f8654557,algorithm/common/src/EvEye/model/DavisEyeEllipse/UNet/UNet.py,maintained,UNet.configure_optimizers,155,10
2,01114b0e4fb2f8654557,algorithm/common/src/EvEye/model/DavisWithMask/DeepLabV3.py,maintained,DeepLabV3.configure_optimizers,61,8
3,028f6456c68480f863b7,algorithm/analysis/scripts/build_eveye_exgaze_training_manifests.py,analysis,session_code,52,5
3,028f6456c68480f863b7,algorithm/analysis/scripts/export_eveye_exgaze_hybrid_dataset.py,analysis,_session_code,96,5
4,04b84e51d68577b7b0ec,algorithm/common/src/EvEye/model/DavisEyeEllipse/EPNet/Predict.py,maintained,topk,114,25
4,04b84e51d68577b7b0ec,algorithm/common/src/EvEye/model/DavisEyeEllipse/HBTXR/Predict.py,maintained,topk,114,25
5,04bf1c37322df5670122,algorithm/common/src/EvEye/model/DavisEyeEllipse/EPNet/Loss.py,maintained,wasserstein_distance_sigma,139,14
5,04bf1c37322df5670122,algorithm/common/src/EvEye/model/DavisEyeEllipse/HBTXR/Loss.py,maintained,wasserstein_distance_sigma,139,14
6,04c5f1b66a8c3568e92e,hardware/tools/write_vref_p0_pot_scale_successor.py,maintained,parse_route_status,349,10
6,04c5f1b66a8c3568e92e,hardware/tools/write_vref_p0_qkv_uram_cache_successor.py,maintained,parse_route_status,163,10
7,052f0663e00e3fd735a4,algorithm/analysis/data-distribution/handover-v1/04_code/build_4state_blink.py,analysis,main,195,17
7,052f0663e00e3fd735a4,algorithm/analysis/data-distribution/handover-v2/04_code/build_4state_blink.py,analysis,main,195,17
7,052f0663e00e3fd735a4,algorithm/analysis/data-distribution/src/build_4state_blink.py,analysis,main,195,17
8,057346982884b01d4bfb,algorithm/common/src/EvEye/model/DavisEyeEllipse/EPNet/Loss.py,maintained,_neg_loss,10,21
8,057346982884b01d4bfb,algorithm/common/src/EvEye/model/DavisEyeEllipse/HBTXR/Loss.py,maintained,_neg_loss,10,21
9,0660f22eede3d6ef7d9c,algorithm/analysis/data-distribution/handover-v1/04_code/build_4state_blink.py,analysis,default_v_sacc,46,11
9,0660f22eede3d6ef7d9c,algorithm/analysis/data-distribution/handover-v2/04_code/build_4state_blink.py,analysis,default_v_sacc,46,11
9,0660f22eede3d6ef7d9c,algorithm/analysis/data-distribution/src/build_4state_blink.py,analysis,default_v_sacc,46,11
10,0677847b3ba3c85a2e72,algorithm/analysis/data-distribution/handover-v1/04_code/velocity_hist.py,analysis,df_of,42,11
10,0677847b3ba3c85a2e72,algorithm/analysis/data-distribution/handover-v2/04_code/velocity_hist.py,analysis,df_of,42,11
11,08ae900f1d8f1c0932ce,algorithm/common/src/EvEye/model/DavisEyeEllipse/HBTXR/Backbone/DeiT.py,maintained,DeiT._init_weights,161,12
11,08ae900f1d8f1c0932ce,quantization/src/models/vision_transformer.py,maintained,VisionTransformer._init_weights,162,12
12,09a5a69b1fd8965eaf1f,algorithm/analysis/data-distribution/handover-v1/04_code/eveye_pe_aggregate.py,analysis,collect,9,15
12,09a5a69b1fd8965eaf1f,algorithm/analysis/data-distribution/handover-v2/04_code/eveye_pe_aggregate.py,analysis,collect,9,15
12,09a5a69b1fd8965eaf1f,algorithm/analysis/data-distribution/src/eveye_pe_aggregate.py,analysis,collect,9,15
13,09ab9dfc502fccc1c4f9,algorithm/common/src/EvEye/utils/scripts/build_reproduction_summary.py,maintained,load_json,33,5
13,09ab9dfc502fccc1c4f9,algorithm/common/src/EvEye/utils/scripts/check_reproduction_status.py,maintained,read_json,131,5
14,09ea1bec0eeae2b8c813,algorithm/analysis/data-distribution/handover-v1/04_code/fuse_4state_test.py,test,main,47,31
14,09ea1bec0eeae2b8c813,algorithm/analysis/data-distribution/handover-v2/04_code/fuse_4state_test.py,test,main,47,31
14,09ea1bec0eeae2b8c813,algorithm/analysis/data-distribution/src/fuse_4state_test.py,test,main,47,31
15,0c5eb6cfe7c67706990b,algorithm/common/src/EvEye/utils/scripts/evaluate_hbtxr_frame_motion_package.py,maintained,main,679,30
15,0c5eb6cfe7c67706990b,algorithm/common/src/EvEye/utils/scripts/evaluate_hbtxr_val_motion.py,maintained,main,680,30
16,0c9f497e60b95c32ae36,algorithm/analysis/scripts/export_eveye_exgaze_hybrid_dataset.py,analysis,make_event64,197,9
16,0c9f497e60b95c32ae36,algorithm/analysis/scripts/smoke_eveye_exgaze_hybrid_loaders.py,analysis,make_event64,138,9
16,0c9f497e60b95c32ae36,algorithm/analysis/scripts/train_eveye_exgaze_hybrid.py,analysis,make_event64,47,9
17,0d7b29f41a3bfe8234d2,hardware/tools/write_c3b_protection_checklist.py,maintained,rows_by_id,43,5
17,0d7b29f41a3bfe8234d2,hardware/tools/write_vref_p0_buffer_lifetime_audit.py,maintained,rows_by_id,81,5
18,10853b9f8a5151e427ab,algorithm/analysis/data-distribution/handover-v1/04_code/frame_aligned_err.py,analysis,center_of,15,10
18,10853b9f8a5151e427ab,algorithm/analysis/data-distribution/handover-v2/04_code/frame_aligned_err.py,analysis,center_of,15,10
18,10853b9f8a5151e427ab,algorithm/analysis/data-distribution/src/frame_aligned_err.py,analysis,center_of,15,10
19,119a22c5ae4fb1e7bc37,algorithm/common/src/EvEye/model/DavisEyeEllipse/EPNet/Predict.py,maintained,get_ellipse,247,18
19,119a22c5ae4fb1e7bc37,algorithm/common/src/EvEye/model/DavisEyeEllipse/HBTXR/Predict.py,maintained,get_ellipse,247,18
20,1562880d6fdd0665805e,hardware/tools/check_hls_axis_payload_contract.py,maintained,normalize_tv_line,34,7
20,1562880d6fdd0665805e,hardware/tools/check_hls_xsimk_direct_probe.py,maintained,normalize_tv_line,56,7
21,16a64a8dec97928d0480,algorithm/analysis/scripts/fill_hbtxr_error_distribution.py,analysis,describe,73,11
21,16a64a8dec97928d0480,algorithm/analysis/scripts/fill_sequence_center_error_distribution.py,analysis,describe,310,11
22,17e7fd6189675a6cab97,algorithm/common/src/EvEye/model/DavisEyeEllipse/EPNet/Loss.py,maintained,_gather_feat,44,9
22,17e7fd6189675a6cab97,algorithm/common/src/EvEye/model/DavisEyeEllipse/HBTXR/Loss.py,maintained,_gather_feat,44,9
23,1883122a8269f2517ba6,algorithm/analysis/data-distribution/handover-v1/04_code/invocation_designspace.py,analysis,ntrack,39,10
23,1883122a8269f2517ba6,algorithm/analysis/data-distribution/handover-v2/04_code/invocation_designspace.py,analysis,ntrack,39,10
24,18a341a49f7143ba4e8b,hardware/tools/package_e2e_axis_dma_pynq_bundle.py,maintained,copy_file,137,4
24,18a341a49f7143ba4e8b,hardware/tools/package_e2e_m_axi_pynq_bundle.py,maintained,copy_file,47,4
25,1956e805e75f18c72b58,hardware/tools/write_final_operator_handoff.py,maintained,resolve_path,44,5
25,1956e805e75f18c72b58,hardware/tools/write_final_unblock_closeout_packet.py,maintained,resolve_path,178,5
26,1a20c053b7acc7d9302e,hardware/tools/write_e2e_resource_policy_audit.py,maintained,latency,57,4
26,1a20c053b7acc7d9302e,hardware/tools/write_vref_p0_buffer_lifetime_audit.py,maintained,latency,95,4
27,1d0f80bd3514edda7156,algorithm/common/src/EvEye/model/DavisEyeEllipse/EPNet/Predict.py,maintained,event_to_frame,30,21
27,1d0f80bd3514edda7156,algorithm/common/src/EvEye/model/DavisEyeEllipse/HBTXR/Predict.py,maintained,event_to_frame,30,21
28,1d1255fa5454d648f7cf,algorithm/common/src/EvEye/model/DavisEyeEllipse/EPNet/Loss.py,maintained,RegL1Loss.forward,66,5
28,1d1255fa5454d648f7cf,algorithm/common/src/EvEye/model/DavisEyeEllipse/HBTXR/Loss.py,maintained,RegL1Loss.forward,66,5
29,1d43328e9031cd2d8ffb,algorithm/analysis/data-distribution/handover-v1/04_code/motion_labeler.py,analysis,build,82,25
29,1d43328e9031cd2d8ffb,algorithm/analysis/data-distribution/handover-v2/04_code/motion_labeler.py,analysis,build,82,25
29,1d43328e9031cd2d8ffb,algorithm/analysis/data-distribution/src/motion_labeler.py,analysis,build,82,25
29,1d43328e9031cd2d8ffb,algorithm/analysis/motion-label-packages/code/motion_labeler.py,analysis,build,82,25
30,21860658e5c37c65f7fe,algorithm/analysis/data-distribution/handover-v1/04_code/invocation_designspace.py,analysis,full,65,7
30,21860658e5c37c65f7fe,algorithm/analysis/data-distribution/handover-v2/04_code/invocation_designspace.py,analysis,full,65,7
31,22566486ce193c98acf7,algorithm/common/src/EvEye/model/CitiBike/ConvLSTM.py,maintained,ConvLSTM.configure_optimizers,87,11
31,22566486ce193c98acf7,algorithm/common/src/EvEye/model/DavisEyeCenter/TennSt.py,maintained,TennSt.configure_optimizers,389,11
31,22566486ce193c98acf7,algorithm/common/src/EvEye/model/DavisEyeEllipse/ElNet/ElNet.py,maintained,Creat_MyNet.configure_optimizers,907,11
31,22566486ce193c98acf7,algorithm/common/src/EvEye/model/DavisEyeEllipse/EllipseMobileNet.py,maintained,EllipseMobileNetV3.configure_optimizers,66,11
31,22566486ce193c98acf7,algorithm/common/src/EvEye/model/DavisWithMask/UNet.py,maintained,UNet.configure_optimizers,150,11
32,22bc089e6beecc033998,algorithm/common/src/EvEye/model/DavisEyeEllipse/EPNet/Head/EPHead.py,maintained,fill_fc_weights,47,5
32,22bc089e6beecc033998,algorithm/common/src/EvEye/model/DavisEyeEllipse/ElNet/ElNet.py,maintained,fill_fc_weights,479,5
32,22bc089e6beecc033998,algorithm/common/src/EvEye/model/DavisEyeEllipse/HBTXR/Head/HBTXRHead.py,maintained,fill_fc_weights,47,5
33,24280ce9e112e15ecbca,algorithm/hybrid/scripts/external_pipeline/eval_hbtxr.py,maintained,_require_existing_path,55,5
33,24280ce9e112e15ecbca,algorithm/hybrid/scripts/external_pipeline/infer_hbtxr.py,maintained,_require_existing_path,54,5
34,2645663df79f095f291f,algorithm/analysis/data-distribution/handover-v1/04_code/pupil_detect.py,analysis,detect_center,7,31
34,2645663df79f095f291f,algorithm/analysis/data-distribution/handover-v2/04_code/pupil_detect.py,analysis,detect_center,7,31
34,2645663df79f095f291f,algorithm/analysis/data-distribution/src/pupil_detect.py,analysis,detect_center,7,31
34,2645663df79f095f291f,algorithm/analysis/motion-label-packages/code/pupil_detect.py,analysis,detect_center,7,31
35,2a3cd830a2c05fb2b938,algorithm/analysis/data-distribution/handover-v1/04_code/velocity_100ms.py,analysis,one,17,19
35,2a3cd830a2c05fb2b938,algorithm/analysis/data-distribution/handover-v2/04_code/velocity_100ms.py,analysis,one,17,19
35,2a3cd830a2c05fb2b938,algorithm/analysis/data-distribution/src/velocity_100ms.py,analysis,one,17,19
36,2a7942eeb8705bf49912,algorithm/common/src/EvEye/model/DavisEyeEllipse/HBTXR/Backbone/DeiT.py,maintained,Mlp.forward,85,7
36,2a7942eeb8705bf49912,quantization/src/models/vision_transformer.py,maintained,Mlp.forward,86,7
37,2b7fee991b0c67486eaf,algorithm/analysis/data-distribution/handover-v1/04_code/event_4state.py,analysis,sess_counts,23,11
37,2b7fee991b0c67486eaf,algorithm/analysis/data-distribution/handover-v2/04_code/event_4state.py,analysis,sess_counts,23,11
38,2c56e5a4b828acf0836d,algorithm/common/src/EvEye/dataset/DavisEyeEllipse/DavisEyeEllipseFrameDataset.py,maintained,natural_key,22,5
38,2c56e5a4b828acf0836d,algorithm/common/src/EvEye/utils/scripts/build_dean_dataset_from_ev_eye.py,maintained,natural_key,34,5
38,2c56e5a4b828acf0836d,algorithm/common/src/EvEye/utils/scripts/build_unet_dataset_from_h5.py,maintained,natural_key,19,5
39,2cd3ade14982bca1ad1c,algorithm/analysis/data-distribution/handover-v1/04_code/invocation_final.py,analysis,iou_circ,8,6
39,2cd3ade14982bca1ad1c,algorithm/analysis/data-distribution/handover-v1/04_code/refresh_sweep.py,analysis,iou_circ,8,4
39,2cd3ade14982bca1ad1c,algorithm/analysis/data-distribution/handover-v2/04_code/invocation_final.py,analysis,iou_circ,8,6
39,2cd3ade14982bca1ad1c,algorithm/analysis/data-distribution/handover-v2/04_code/refresh_sweep.py,analysis,iou_circ,8,4
40,2ce603fd59d658bcaa81,algorithm/analysis/data-distribution/handover-v1/04_code/velocity_hist.py,analysis,ssum,55,6
40,2ce603fd59d658bcaa81,algorithm/analysis/data-distribution/handover-v2/04_code/velocity_hist.py,analysis,ssum,55,6
41,2dfa08d14c6a2d2cf933,algorithm/analysis/data-distribution/handover-v1/04_code/eveye_metrics.py,analysis,load_pe_allframes,11,21
41,2dfa08d14c6a2d2cf933,algorithm/analysis/data-distribution/handover-v2/04_code/eveye_metrics.py,analysis,load_pe_allframes,11,21
41,2dfa08d14c6a2d2cf933,algorithm/analysis/data-distribution/src/eveye_metrics.py,analysis,load_pe_allframes,11,21
42,2e26f8005bc45ec7b1ef,algorithm/common/src/EvEye/model/DavisEyeEllipse/EPNet/Predict.py,maintained,transform_ellipse,218,16
42,2e26f8005bc45ec7b1ef,algorithm/common/src/EvEye/model/DavisEyeEllipse/HBTXR/Predict.py,maintained,transform_ellipse,218,16
43,2e52039618b829b6737f,hardware/tools/validate_final_signoff_bundle.py,maintained,int_at_least,442,5
43,2e52039618b829b6737f,hardware/tools/write_final_evidence_manifest.py,maintained,int_at_least,324,5
44,2ed84b5e087bfc9a6701,algorithm/common/src/EvEye/model/DavisEyeEllipse/EPNet/utils.py,maintained,PredDecoder.nms,43,9
44,2ed84b5e087bfc9a6701,algorithm/common/src/EvEye/model/DavisEyeEllipse/HBTXR/utils.py,maintained,PredDecoder.nms,43,9
45,2f49418d8fe2151bb133,algorithm/common/src/EvEye/model/DavisWithMask/DeepLabV3.py,maintained,DeepLabV3.validation_step,78,13
45,2f49418d8fe2151bb133,algorithm/common/src/EvEye/model/DavisWithMask/UNet.py,maintained,UNet.validation_step,170,13
46,2fcb3d9753034458fce2,algorithm/analysis/data-distribution/handover-v1/04_code/run_test37_48.py,analysis,main,19,27
46,2fcb3d9753034458fce2,algorithm/analysis/data-distribution/handover-v2/04_code/run_test37_48.py,analysis,main,19,27
46,2fcb3d9753034458fce2,algorithm/analysis/data-distribution/src/run_test37_48.py,analysis,main,19,27
47,315d0c855cdaaea8a29d,algorithm/common/src/EvEye/model/DavisEyeEllipse/EPNet/Predict.py,maintained,pre_process,53,15
47,315d0c855cdaaea8a29d,algorithm/common/src/EvEye/model/DavisEyeEllipse/HBTXR/Predict.py,maintained,pre_process,53,15
48,327e10557a71735b32c0,algorithm/analysis/data-distribution/handover-v1/04_code/run_test37_48.py,analysis,work,14,4
48,327e10557a71735b32c0,algorithm/analysis/data-distribution/handover-v2/04_code/run_test37_48.py,analysis,work,14,4
48,327e10557a71735b32c0,algorithm/analysis/data-distribution/src/run_test37_48.py,analysis,work,14,4
49,32907dd90194114ddd40,hardware/tests/test_write_final_unblock_closeout_packet.py,test,WriteFinalUnblockCloseoutPacketTests.write_json,21,4
49,32907dd90194114ddd40,hardware/tests/test_write_spec_plan_conformance_audit.py,test,WriteSpecPlanConformanceAuditTests.write_json,26,4
50,32e831c1c8827f914776,algorithm/common/src/EvEye/model/DavisEyeEllipse/EPNet/Loss.py,maintained,RegL1Loss_ang.forward,77,19
50,32e831c1c8827f914776,algorithm/common/src/EvEye/model/DavisEyeEllipse/HBTXR/Loss.py,maintained,RegL1Loss_ang.forward,77,19
51,35b53b33f5c042e5476d,algorithm/analysis/data-distribution/handover-v1/04_code/fuse_4state_test.py,test,one,18,28
51,35b53b33f5c042e5476d,algorithm/analysis/data-distribution/handover-v2/04_code/fuse_4state_test.py,test,one,18,28
51,35b53b33f5c042e5476d,algorithm/analysis/data-distribution/src/fuse_4state_test.py,test,one,18,28
52,35ea31ce5438ffaee8ac,algorithm/common/src/EvEye/model/DavisEyeEllipse/UNet/UNet.py,maintained,Up.forward,85,13
52,35ea31ce5438ffaee8ac,algorithm/common/src/EvEye/model/DavisWithMask/UNet.py,maintained,Up.forward,85,13
53,369f8ba133f582b7989c,algorithm/common/src/EvEye/model/DavisEyeEllipse/EPNet/EPNet.py,maintained,EPNet.training_step,315,14
53,369f8ba133f582b7989c,algorithm/common/src/EvEye/model/DavisEyeEllipse/ElNet/ElNet.py,maintained,Creat_MyNet.training_step,919,14
54,36a43e5eb72cf81bd478,algorithm/analysis/data-distribution/handover-v1/04_code/run_test_mask.py,analysis,classify,17,28
54,36a43e5eb72cf81bd478,algorithm/analysis/data-distribution/handover-v2/04_code/run_test_mask.py,analysis,classify,17,28
54,36a43e5eb72cf81bd478,algorithm/analysis/data-distribution/src/run_test_mask.py,analysis,classify,17,28
55,37a85cdb5730f003cc85,algorithm/analysis/data-distribution/handover-v1/04_code/ivt_states.py,analysis,labeled_velocity,10,7
55,37a85cdb5730f003cc85,algorithm/analysis/data-distribution/handover-v2/04_code/ivt_states.py,analysis,labeled_velocity,10,7
55,37a85cdb5730f003cc85,algorithm/analysis/data-distribution/src/ivt_states.py,analysis,labeled_velocity,10,7
55,37a85cdb5730f003cc85,algorithm/analysis/motion-label-packages/code/ivt_states.py,analysis,labeled_velocity,10,7
56,392b2b092cda5a34f678,algorithm/analysis/data-distribution/handover-v1/04_code/build_splits_4state.py,analysis,finalize,56,8
56,392b2b092cda5a34f678,algorithm/analysis/data-distribution/handover-v2/04_code/build_splits_4state.py,analysis,finalize,56,8
56,392b2b092cda5a34f678,algorithm/analysis/data-distribution/src/build_splits_4state.py,analysis,finalize,56,8
57,3a07047e434554086e98,algorithm/analysis/data-distribution/handover-v1/04_code/build_4state_blink.py,analysis,classify_session,69,57
57,3a07047e434554086e98,algorithm/analysis/data-distribution/handover-v2/04_code/build_4state_blink.py,analysis,classify_session,69,57
57,3a07047e434554086e98,algorithm/analysis/data-distribution/src/build_4state_blink.py,analysis,classify_session,69,57
58,3a0a0097cb944affedde,hardware/tools/write_c3b_physical_smoke_gate_audit.py,maintained,rel_or_abs,39,5
58,3a0a0097cb944affedde,hardware/tools/write_req2_spec_subagent_gate_audit.py,maintained,rel_or_abs,27,5
58,3a0a0097cb944affedde,hardware/tools/write_xr_vits_gate_audit.py,maintained,rel_or_abs,37,5
59,3a580494fed0095d4873,algorithm/analysis/data-distribution/handover-v1/04_code/build_4state_blink.py,analysis,default_tau,59,8
59,3a580494fed0095d4873,algorithm/analysis/data-distribution/handover-v2/04_code/build_4state_blink.py,analysis,default_tau,59,8
59,3a580494fed0095d4873,algorithm/analysis/data-distribution/src/build_4state_blink.py,analysis,default_tau,59,8
60,3adc7b5c0602ca000580,algorithm/analysis/data-distribution/handover-v1/04_code/frame_aligned_err.py,analysis,build,26,24
60,3adc7b5c0602ca000580,algorithm/analysis/data-distribution/handover-v2/04_code/frame_aligned_err.py,analysis,build,26,24
60,3adc7b5c0602ca000580,algorithm/analysis/data-distribution/src/frame_aligned_err.py,analysis,build,26,24
61,3b1b142b5128df26bf58,algorithm/common/src/EvEye/model/DavisEyeEllipse/EPNet/utils.py,maintained,PredDecoder.decode,79,27
61,3b1b142b5128df26bf58,algorithm/common/src/EvEye/model/DavisEyeEllipse/HBTXR/utils.py,maintained,PredDecoder.decode,79,27
62,3b78363c50ceaaf7f6c1,algorithm/common/src/EvEye/utils/scripts/evaluate_hbtxr_frame_motion_package.py,maintained,ellipse_iou_input64,108,23
62,3b78363c50ceaaf7f6c1,algorithm/common/src/EvEye/utils/scripts/evaluate_hbtxr_val_motion.py,maintained,ellipse_iou_input64,108,23
63,3bd9f951ec2db7a8975a,algorithm/analysis/data-distribution/handover-v1/04_code/frame_center_4state.py,analysis,build,40,15
63,3bd9f951ec2db7a8975a,algorithm/analysis/data-distribution/handover-v2/04_code/frame_center_4state.py,analysis,build,40,15
64,3c2d6d1a3d3e100be906,algorithm/common/src/EvEye/model/DavisEyeEllipse/HBTXR/Backbone/DeiT.py,maintained,Mlp.__init__,78,6
64,3c2d6d1a3d3e100be906,quantization/src/models/vision_transformer.py,maintained,Mlp.__init__,79,6
65,3db659383e89af81a050,algorithm/analysis/data-distribution/handover-v1/04_code/iou_frame.py,analysis,iou_session,14,23
65,3db659383e89af81a050,algorithm/analysis/data-distribution/handover-v2/04_code/iou_frame.py,analysis,iou_session,14,23
65,3db659383e89af81a050,algorithm/analysis/data-distribution/src/iou_frame.py,analysis,iou_session,14,23
66,4022279c382da3e931ed,hardware/tools/audit_reference_inputs.py,maintained,sha256_file,13,6
66,4022279c382da3e931ed,hardware/tools/export_e2e_m_axi_weights.py,maintained,sha256_file,23,6
66,4022279c382da3e931ed,hardware/tools/import_pynq_smoke_result.py,maintained,sha256_file,51,6
66,4022279c382da3e931ed,hardware/tools/package_e2e_axis_dma_pynq_bundle.py,maintained,sha256_file,129,6
66,4022279c382da3e931ed,hardware/tools/package_e2e_m_axi_pynq_bundle.py,maintained,sha256_file,39,6
66,4022279c382da3e931ed,hardware/tools/run_third_goal_final_signoff.py,maintained,sha256_file,83,6
66,4022279c382da3e931ed,hardware/tools/validate_pynq_bundle_package.py,maintained,sha256_file,306,6
66,4022279c382da3e931ed,hardware/tools/write_final_evidence_manifest.py,maintained,sha256_file,165,6
66,4022279c382da3e931ed,hardware/tools/write_final_unblock_closeout_packet.py,maintained,sha256_file,19,6
66,4022279c382da3e931ed,hardware/tools/write_req9_deit_image_reference_audit.py,maintained,sha256_file,31,6
66,4022279c382da3e931ed,hardware/tools/write_third_goal_source_audit.py,maintained,sha256_file,37,6
67,40f6f91d65b6fed00991,algorithm/analysis/data-distribution/handover-v1/04_code/invocation_final.py,analysis,sim,15,19
67,40f6f91d65b6fed00991,algorithm/analysis/data-distribution/handover-v2/04_code/invocation_final.py,analysis,sim,15,19
68,4180b99101e72e323006,algorithm/analysis/data-distribution/handover-v1/04_code/velocity4state.py,analysis,frac_sacc,27,8
68,4180b99101e72e323006,algorithm/analysis/data-distribution/handover-v2/04_code/velocity4state.py,analysis,frac_sacc,27,8
69,42beb82c80514a5e48b8,algorithm/common/src/EvEye/utils/dvs_common_utils/processor/NumpyEventFrameRandomAffine.py,maintained,NumpyEventFrameRandomAffine.normalize,25,21
69,42beb82c80514a5e48b8,algorithm/common/src/EvEye/utils/dvs_common_utils/processor/TorchEventFrameRandomAffine(bug).py,maintained,TorchEventFrameRandomAffine.normalize,27,21
70,42c3eb5abf26102aa322,algorithm/common/src/EvEye/model/DavisEyeEllipse/EPNet/Metric.py,maintained,cal_mean_distance,22,12
70,42c3eb5abf26102aa322,algorithm/common/src/EvEye/model/DavisEyeEllipse/HBTXR/Metric.py,maintained,cal_mean_distance,22,12
71,4414dc7e6a6dc335cda5,algorithm/common/src/EvEye/utils/dvs_common_utils/processor/EventRandomAffine.py,maintained,temporal_shift,12,22
71,4414dc7e6a6dc335cda5,algorithm/common/src/EvEye/utils/dvs_common_utils/processor/NumpyEventRandomAffine.py,maintained,temporal_shift,12,22
72,4493b2fbbfc6b11af1e3,algorithm/common/src/EvEye/model/DavisEyeEllipse/EPNet/Predict.py,maintained,affine_transform,195,21
72,4493b2fbbfc6b11af1e3,algorithm/common/src/EvEye/model/DavisEyeEllipse/HBTXR/Predict.py,maintained,affine_transform,195,21
73,46f881478044ab88da80,hardware/tools/write_e2e_resource_policy_audit.py,maintained,resource,50,5
73,46f881478044ab88da80,hardware/tools/write_vref_p0_buffer_lifetime_audit.py,maintained,resource,88,5
74,47243396ee3407df56c3,algorithm/analysis/data-distribution/handover-v1/04_code/eveye_metrics.py,analysis,boot_ci,41,8
74,47243396ee3407df56c3,algorithm/analysis/data-distribution/handover-v2/04_code/eveye_metrics.py,analysis,boot_ci,41,8
74,47243396ee3407df56c3,algorithm/analysis/data-distribution/src/eveye_metrics.py,analysis,boot_ci,41,8
75,474b3b756e682ed239eb,algorithm/common/src/EvEye/model/DavisEyeEllipse/HBTXR/Backbone/DeiT.py,maintained,EncoderBlock.forward,112,4
75,474b3b756e682ed239eb,quantization/src/models/vision_transformer.py,maintained,EncoderBlock.forward,113,4
76,47c72cb1745d3cc89bdb,algorithm/analysis/data-distribution/handover-v1/04_code/build_splits_4state.py,analysis,splits_of,19,6
76,47c72cb1745d3cc89bdb,algorithm/analysis/data-distribution/handover-v2/04_code/build_splits_4state.py,analysis,splits_of,19,6
76,47c72cb1745d3cc89bdb,algorithm/analysis/data-distribution/src/build_splits_4state.py,analysis,splits_of,19,6
77,4867cf0ac4df1cf7e28c,algorithm/common/src/EvEye/utils/cache/MemmapCacheFrameStack.py,maintained,create_memmap,35,8
77,4867cf0ac4df1cf7e28c,algorithm/common/src/EvEye/utils/cache/MemmapCacheStructedEvents.py,maintained,create_memmap,39,8
78,49b65f36c36613433068,algorithm/common/src/EvEye/model/DavisEyeEllipse/EPNet/utils.py,maintained,PredDecoder.__init__,5,6
78,49b65f36c36613433068,algorithm/common/src/EvEye/model/DavisEyeEllipse/HBTXR/utils.py,maintained,PredDecoder.__init__,5,6
79,4b5a74e6a237576d0622,hardware/pynq/hgtxr/e2e_axis_dma_overlay.py,maintained,HgtxrE2EAxisDmaOverlay._start,155,5
79,4b5a74e6a237576d0622,hardware/pynq/hgtxr/e2e_m_axi_overlay.py,maintained,HgtxrE2EMaxiOverlay._start,117,5
79,4b5a74e6a237576d0622,hardware/pynq/hgtxr/hgtxr_overlay.py,maintained,HgtxrOverlay._start,169,5
80,4b81464ebd8353391ac9,algorithm/common/src/EvEye/model/DavisEyeEllipse/HBTXR/Backbone/DeiT.py,maintained,EncoderBlock.__init__,95,16
80,4b81464ebd8353391ac9,quantization/src/models/vision_transformer.py,maintained,EncoderBlock.__init__,96,16
81,4b82262ec4c888c8e094,algorithm/analysis/data-distribution/handover-v1/04_code/build_invocation_table.py,analysis,per_subject_frame,21,9
81,4b82262ec4c888c8e094,algorithm/analysis/data-distribution/handover-v2/04_code/build_invocation_table.py,analysis,per_subject_frame,21,9
82,4b8da55db981034f5824,algorithm/common/src/EvEye/utils/scripts/evaluate_hbtxr_frame_motion_package.py,maintained,assign_velocity_states,213,28
82,4b8da55db981034f5824,algorithm/common/src/EvEye/utils/scripts/evaluate_hbtxr_val_motion.py,maintained,assign_velocity_states,213,28
83,4c1751bd67d38a6c79b1,hardware/tools/check_third_goal_preflight.py,maintained,read_text,18,5
83,4c1751bd67d38a6c79b1,hardware/tools/write_c3b_protection_checklist.py,maintained,read_text,29,5
84,4c43cf1f54fe92468b95,algorithm/analysis/data-distribution/handover-v1/04_code/frame_center_4state.py,analysis,build.sc,41,7
84,4c43cf1f54fe92468b95,algorithm/analysis/data-distribution/handover-v2/04_code/frame_center_4state.py,analysis,build.sc,41,7
85,4dbb920a869a43685f1c,algorithm/analysis/scripts/export_eveye_exgaze_hybrid_dataset.py,analysis,sample_regions_from_ellipse64,208,16
85,4dbb920a869a43685f1c,algorithm/analysis/scripts/smoke_eveye_exgaze_hybrid_loaders.py,analysis,sample_regions_from_ellipse64,158,16
85,4dbb920a869a43685f1c,algorithm/analysis/scripts/train_eveye_exgaze_hybrid.py,analysis,sample_regions_from_ellipse64,67,16
86,4e189e424e59bf5b5a2b,algorithm/analysis/data-distribution/handover-v1/04_code/event_4state_all.py,analysis,main,34,36
86,4e189e424e59bf5b5a2b,algorithm/analysis/data-distribution/handover-v2/04_code/event_4state_all.py,analysis,main,34,36
86,4e189e424e59bf5b5a2b,algorithm/analysis/data-distribution/src/event_4state_all.py,analysis,main,34,36
87,4e36808c984f9136bd83,algorithm/analysis/data-distribution/handover-v1/04_code/velocity_dist.py,analysis,main,33,20
87,4e36808c984f9136bd83,algorithm/analysis/data-distribution/handover-v2/04_code/velocity_dist.py,analysis,main,33,20
87,4e36808c984f9136bd83,algorithm/analysis/data-distribution/src/velocity_dist.py,analysis,main,33,20
87,4e36808c984f9136bd83,algorithm/analysis/motion-label-packages/code/velocity_dist.py,analysis,main,33,20
88,518bdf72c08bb8786082,algorithm/common/src/EvEye/utils/scripts/evaluate_hbtxr_frame_motion_package.py,maintained,discover_frame_map,133,10
88,518bdf72c08bb8786082,algorithm/common/src/EvEye/utils/scripts/evaluate_hbtxr_val_motion.py,maintained,discover_frame_map,133,10
89,53129d6ef77a883d7597,algorithm/common/src/EvEye/model/DavisEyeEllipse/EPNet/Predict.py,maintained,transpose_feat,70,10
89,53129d6ef77a883d7597,algorithm/common/src/EvEye/model/DavisEyeEllipse/HBTXR/Predict.py,maintained,transpose_feat,70,10
90,53a08ac9bf4530b33203,algorithm/analysis/data-distribution/handover-v1/04_code/eveye_pe_aggregate.py,analysis,summarize,25,10
90,53a08ac9bf4530b33203,algorithm/analysis/data-distribution/handover-v2/04_code/eveye_pe_aggregate.py,analysis,summarize,25,10
90,53a08ac9bf4530b33203,algorithm/analysis/data-distribution/src/eveye_pe_aggregate.py,analysis,summarize,25,10
91,54ac8335d514b7d18d72,algorithm/analysis/data-distribution/handover-v1/04_code/velocity4state.py,analysis,main,48,18
91,54ac8335d514b7d18d72,algorithm/analysis/data-distribution/handover-v2/04_code/velocity4state.py,analysis,main,48,18
92,54bd8c4bef4acb9b07ca,algorithm/analysis/data-distribution/handover-v1/04_code/pupil_detect.py,analysis,trajectory,39,16
92,54bd8c4bef4acb9b07ca,algorithm/analysis/data-distribution/handover-v2/04_code/pupil_detect.py,analysis,trajectory,39,16
92,54bd8c4bef4acb9b07ca,algorithm/analysis/data-distribution/src/pupil_detect.py,analysis,trajectory,39,16
92,54bd8c4bef4acb9b07ca,algorithm/analysis/motion-label-packages/code/pupil_detect.py,analysis,trajectory,39,16
93,54c138135f18474c3d30,algorithm/common/src/EvEye/model/DavisEyeEllipse/EPNet/Metric.py,maintained,draw_ellipse,36,13
93,54c138135f18474c3d30,algorithm/common/src/EvEye/model/DavisEyeEllipse/HBTXR/Metric.py,maintained,draw_ellipse,36,13
94,54f99a3e3cad870f9463,algorithm/analysis/data-distribution/handover-v1/04_code/blink_detect.py,analysis,pupil_features,36,41
94,54f99a3e3cad870f9463,algorithm/analysis/data-distribution/handover-v2/04_code/blink_detect.py,analysis,pupil_features,36,41
94,54f99a3e3cad870f9463,algorithm/analysis/data-distribution/src/blink_detect.py,analysis,pupil_features,36,41
95,57e0b01939b77f2d968e,algorithm/analysis/data-distribution/handover-v1/04_code/sac_aug.py,analysis,one,27,32
95,57e0b01939b77f2d968e,algorithm/analysis/data-distribution/handover-v2/04_code/sac_aug.py,analysis,one,27,32
95,57e0b01939b77f2d968e,algorithm/analysis/data-distribution/src/sac_aug.py,analysis,one,27,32
96,587475a07741a7a97bb0,algorithm/analysis/data-distribution/handover-v1/04_code/error_harness.py,analysis,load_labeled,21,19
96,587475a07741a7a97bb0,algorithm/analysis/data-distribution/handover-v2/04_code/error_harness.py,analysis,load_labeled,21,19
96,587475a07741a7a97bb0,algorithm/analysis/data-distribution/src/error_harness.py,analysis,load_labeled,21,19
97,5ac1b142c4b618f115fc,algorithm/common/src/EvEye/utils/scripts/evaluate_hbtxr_frame_motion_package.py,maintained,build_metadata,156,55
97,5ac1b142c4b618f115fc,algorithm/common/src/EvEye/utils/scripts/evaluate_hbtxr_val_motion.py,maintained,build_metadata,156,55
98,5c6c1db5ad0082a45c05,algorithm/analysis/data-distribution/handover-v1/04_code/frame_center_4state.py,analysis,frame_sacc.frac,17,4
98,5c6c1db5ad0082a45c05,algorithm/analysis/data-distribution/handover-v2/04_code/frame_center_4state.py,analysis,frame_sacc.frac,17,4
99,5c9fad063b5af9fd909f,algorithm/analysis/data-distribution/handover-v1/04_code/sac_aug.py,analysis,merge,19,7
99,5c9fad063b5af9fd909f,algorithm/analysis/data-distribution/handover-v2/04_code/sac_aug.py,analysis,merge,19,7
99,5c9fad063b5af9fd909f,algorithm/analysis/data-distribution/src/sac_aug.py,analysis,merge,19,7
100,5d47119c74f9f50a90ac,algorithm/analysis/data-distribution/handover-v1/04_code/eveye_metrics.py,analysis,subject_level_ci,50,9
100,5d47119c74f9f50a90ac,algorithm/analysis/data-distribution/handover-v2/04_code/eveye_metrics.py,analysis,subject_level_ci,50,9
100,5d47119c74f9f50a90ac,algorithm/analysis/data-distribution/src/eveye_metrics.py,analysis,subject_level_ci,50,9
101,5db478bb0a1ba88f9539,algorithm/analysis/data-distribution/handover-v1/04_code/run_test37_48.py,analysis,agg,47,20
101,5db478bb0a1ba88f9539,algorithm/analysis/data-distribution/handover-v2/04_code/run_test37_48.py,analysis,agg,47,20
101,5db478bb0a1ba88f9539,algorithm/analysis/data-distribution/src/run_test37_48.py,analysis,agg,47,20
102,5dc71fd0ad5bf40550f8,algorithm/analysis/data-distribution/handover-v1/04_code/error_harness.py,analysis,agg,41,13
102,5dc71fd0ad5bf40550f8,algorithm/analysis/data-distribution/handover-v2/04_code/error_harness.py,analysis,agg,41,13
102,5dc71fd0ad5bf40550f8,algorithm/analysis/data-distribution/src/error_harness.py,analysis,agg,41,13
103,5fc1b5b924780a4581e6,algorithm/common/src/EvEye/model/DavisEyeEllipse/EPNet/Loss.py,maintained,TrigL2Loss.forward,102,5
103,5fc1b5b924780a4581e6,algorithm/common/src/EvEye/model/DavisEyeEllipse/HBTXR/Loss.py,maintained,TrigL2Loss.forward,102,5
104,60fdb70e3117d3f0b901,hardware/tools/write_final_operator_handoff.py,maintained,build_xr_policy_integrity,51,35
104,60fdb70e3117d3f0b901,hardware/tools/write_final_unblock_closeout_packet.py,maintained,build_xr_policy_integrity,185,39
105,611b70b9751664b0e9d8,algorithm/common/src/EvEye/model/DavisEyeEllipse/HBTXR/Backbone/DeiT.py,maintained,PatchEmbed.__init__,28,7
105,611b70b9751664b0e9d8,quantization/src/models/vision_transformer.py,maintained,PatchEmbed.__init__,29,7
106,61f47a058575dbc5e051,algorithm/common/src/EvEye/model/DavisEyeEllipse/EPNet/EPNet.py,maintained,EPNet.on_validation_epoch_end,358,12
106,61f47a058575dbc5e051,algorithm/common/src/EvEye/model/DavisEyeEllipse/ElNet/ElNet.py,maintained,Creat_MyNet.on_validation_epoch_end,962,12
106,61f47a058575dbc5e051,algorithm/common/src/EvEye/model/DavisEyeEllipse/HBTXR/HBTXR.py,maintained,HBTXR.on_validation_epoch_end,189,12
106,61f47a058575dbc5e051,algorithm/common/src/EvEye/model/DavisEyeEllipse/UNet/UNet.py,maintained,UNet.on_validation_epoch_end,218,12
107,63de4b4726cb44623719,algorithm/hybrid/src/data/loader.py,maintained,_as_float,61,7
107,63de4b4726cb44623719,algorithm/hybrid/src/loss/stage_common.py,maintained,_as_float,47,7
108,63e0b52e819b0f54cd8f,algorithm/analysis/data-distribution/handover-v1/04_code/event_4state.py,analysis,split_of,36,4
108,63e0b52e819b0f54cd8f,algorithm/analysis/data-distribution/handover-v2/04_code/event_4state.py,analysis,split_of,36,4
109,654beab98dd537e38a84,hardware/pynq/hgtxr/e2e_axis_dma_overlay.py,maintained,HgtxrE2EAxisDmaOverlay.close,62,5
109,654beab98dd537e38a84,hardware/pynq/hgtxr/e2e_m_axi_overlay.py,maintained,HgtxrE2EMaxiOverlay.close,48,5
109,654beab98dd537e38a84,hardware/pynq/hgtxr/hgtxr_overlay.py,maintained,HgtxrOverlay.close,115,5
110,666238958643d2862237,algorithm/analysis/data-distribution/handover-v1/04_code/invocation_designspace.py,analysis,prim,13,15
110,666238958643d2862237,algorithm/analysis/data-distribution/handover-v2/04_code/invocation_designspace.py,analysis,prim,13,15
111,6664a9663fc0c331afcd,algorithm/common/src/EvEye/model/DavisEyeEllipse/EPNet/Metric.py,maintained,cal_iou,51,17
111,6664a9663fc0c331afcd,algorithm/common/src/EvEye/model/DavisEyeEllipse/HBTXR/Metric.py,maintained,cal_iou,51,17
112,681438ea0c2c811fd901,algorithm/analysis/data-distribution/handover-v1/04_code/build_sec4.py,analysis,violin_box,19,13
112,681438ea0c2c811fd901,algorithm/analysis/data-distribution/handover-v2/04_code/build_sec4.py,analysis,violin_box,19,13
112,681438ea0c2c811fd901,algorithm/analysis/data-distribution/src/build_sec4.py,analysis,violin_box,19,13
113,69905a679ca4eda1bff2,algorithm/common/src/EvEye/utils/scripts/evaluate_hbtxr_frame_motion_package.py,maintained,load_split_ellipses,145,9
113,69905a679ca4eda1bff2,algorithm/common/src/EvEye/utils/scripts/evaluate_hbtxr_val_motion.py,maintained,load_split_ellipses,145,9
114,6b24990d916fcd20b523,algorithm/common/src/EvEye/model/DavisEyeEllipse/EPNet/utils.py,maintained,PredDecoder.gather_feat,23,19
114,6b24990d916fcd20b523,algorithm/common/src/EvEye/model/DavisEyeEllipse/HBTXR/utils.py,maintained,PredDecoder.gather_feat,23,19
115,6d124bdd1aa2bb860b1a,algorithm/analysis/data-distribution/handover-v1/04_code/common.py,analysis,load_gt_ellipses,73,29
115,6d124bdd1aa2bb860b1a,algorithm/analysis/data-distribution/handover-v2/04_code/common.py,analysis,load_gt_ellipses,73,29
115,6d124bdd1aa2bb860b1a,algorithm/analysis/data-distribution/src/common.py,analysis,load_gt_ellipses,73,29
115,6d124bdd1aa2bb860b1a,algorithm/analysis/motion-label-packages/code/common.py,analysis,load_gt_ellipses,73,29
116,6d89b71bc30d3bd7b02b,hardware/pynq/hgtxr/e2e_axis_dma_overlay.py,maintained,HgtxrE2EAxisDmaOverlay._alloc_zero,121,5
116,6d89b71bc30d3bd7b02b,hardware/pynq/hgtxr/e2e_m_axi_overlay.py,maintained,HgtxrE2EMaxiOverlay._alloc_zero,92,5
117,6ebf1c49156efacee7c7,algorithm/analysis/data-distribution/handover-v1/04_code/run_test_mask.py,analysis,main,62,18
117,6ebf1c49156efacee7c7,algorithm/analysis/data-distribution/handover-v2/04_code/run_test_mask.py,analysis,main,62,18
117,6ebf1c49156efacee7c7,algorithm/analysis/data-distribution/src/run_test_mask.py,analysis,main,62,18
118,7064ecf7af3e450e90bb,algorithm/analysis/data-distribution/handover-v1/04_code/build_invocation_table.py,analysis,per_subject_event,18,3
118,7064ecf7af3e450e90bb,algorithm/analysis/data-distribution/handover-v2/04_code/build_invocation_table.py,analysis,per_subject_event,18,3
119,713b6d43164ab6eb4386,algorithm/analysis/data-distribution/handover-v1/04_code/common.py,analysis,_find_segments,25,8
119,713b6d43164ab6eb4386,algorithm/analysis/data-distribution/handover-v2/04_code/common.py,analysis,_find_segments,25,8
119,713b6d43164ab6eb4386,algorithm/analysis/data-distribution/src/common.py,analysis,_find_segments,25,8
119,713b6d43164ab6eb4386,algorithm/analysis/motion-label-packages/code/common.py,analysis,_find_segments,25,8
120,727031e1ca829bf7090c,hardware/tools/package_e2e_axis_dma_pynq_bundle.py,maintained,write_text_file,143,4
120,727031e1ca829bf7090c,hardware/tools/package_e2e_m_axi_pynq_bundle.py,maintained,write_text_file,53,4
121,72e9a0b5fee38ed1696b,algorithm/analysis/data-distribution/handover-v1/04_code/build_splits_4state.py,analysis,split_summary,69,8
121,72e9a0b5fee38ed1696b,algorithm/analysis/data-distribution/handover-v2/04_code/build_splits_4state.py,analysis,split_summary,69,8
121,72e9a0b5fee38ed1696b,algorithm/analysis/data-distribution/src/build_splits_4state.py,analysis,split_summary,69,8
122,7325671a96db028f567e,hardware/tools/write_c3b_physical_smoke_gate_audit.py,maintained,write_outputs,230,5
122,7325671a96db028f567e,hardware/tools/write_hgpipe_operator_audit.py,maintained,write_outputs,440,5
122,7325671a96db028f567e,hardware/tools/write_req2_spec_subagent_gate_audit.py,maintained,write_outputs,229,5
122,7325671a96db028f567e,hardware/tools/write_req6_parameterization_audit.py,maintained,write_outputs,390,5
122,7325671a96db028f567e,hardware/tools/write_third_goal_current_audit.py,maintained,write_outputs,1411,5
122,7325671a96db028f567e,hardware/tools/write_third_goal_source_audit.py,maintained,write_outputs,314,5
122,7325671a96db028f567e,hardware/tools/write_xr_vits_gate_audit.py,maintained,write_outputs,292,5
123,748f0343769916f05acc,algorithm/common/src/EvEye/utils/scripts/evaluate_hbtxr_frame_motion_package.py,maintained,make_group_stats,352,10
123,748f0343769916f05acc,algorithm/common/src/EvEye/utils/scripts/evaluate_hbtxr_val_motion.py,maintained,make_group_stats,353,10
124,760430122cc29e362c95,algorithm/analysis/data-distribution/handover-v1/04_code/inventory.py,analysis,scan,8,27
124,760430122cc29e362c95,algorithm/analysis/data-distribution/handover-v2/04_code/inventory.py,analysis,scan,8,27
124,760430122cc29e362c95,algorithm/analysis/data-distribution/src/inventory.py,analysis,scan,8,27
125,77322e8627f8f48b2675,hardware/pynq/hgtxr/run_e2e_axis_dma_smoke.py,maintained,main,269,8
125,77322e8627f8f48b2675,hardware/pynq/hgtxr/run_e2e_m_axi_smoke.py,maintained,main,112,8
126,774008677f6c532f8b29,algorithm/analysis/data-distribution/handover-v1/04_code/event_aligned_err.py,analysis,build,12,31
126,774008677f6c532f8b29,algorithm/analysis/data-distribution/handover-v2/04_code/event_aligned_err.py,analysis,build,12,31
126,774008677f6c532f8b29,algorithm/analysis/data-distribution/src/event_aligned_err.py,analysis,build,12,31
127,7754cca560a17b0f7987,algorithm/common/src/EvEye/utils/dvs_common_utils/processor/EventRandomAffine.py,maintained,EventRandomAffine.normalize,77,9
127,7754cca560a17b0f7987,algorithm/common/src/EvEye/utils/dvs_common_utils/processor/NumpyEventRandomAffine.py,maintained,NumpyEventRandomAffine.normalize,77,9
128,777698a397c3076af32f,algorithm/analysis/data-distribution/handover-v1/04_code/velocity_dist.py,analysis,one,18,14
128,777698a397c3076af32f,algorithm/analysis/data-distribution/handover-v2/04_code/velocity_dist.py,analysis,one,18,14
128,777698a397c3076af32f,algorithm/analysis/data-distribution/src/velocity_dist.py,analysis,one,18,14
128,777698a397c3076af32f,algorithm/analysis/motion-label-packages/code/velocity_dist.py,analysis,one,18,14
129,78ede542811c09e89c6c,algorithm/common/src/EvEye/model/DavisEyeEllipse/EPNet/utils.py,maintained,PredDecoder.transpose_feat,12,10
129,78ede542811c09e89c6c,algorithm/common/src/EvEye/model/DavisEyeEllipse/HBTXR/utils.py,maintained,PredDecoder.transpose_feat,12,10
130,796f3db3287bb391d245,algorithm/common/src/EvEye/utils/scripts/check_reproduction_status.py,maintained,validate_expected_eval_context,214,5
130,796f3db3287bb391d245,algorithm/common/src/EvEye/utils/scripts/check_reproduction_status.py,maintained,validate_expected_comparison_context,221,5
131,7bb6c34cadde6269b79c,algorithm/common/src/EvEye/model/DavisEyeEllipse/EPNet/Loss.py,maintained,xywhr2xyrs,247,10
131,7bb6c34cadde6269b79c,algorithm/common/src/EvEye/model/DavisEyeEllipse/HBTXR/Loss.py,maintained,xywhr2xyrs,247,10
132,7bce78076d66928de1b0,algorithm/common/src/EvEye/model/DavisEyeEllipse/EPNet/Predict.py,maintained,gather_feat,82,19
132,7bce78076d66928de1b0,algorithm/common/src/EvEye/model/DavisEyeEllipse/HBTXR/Predict.py,maintained,gather_feat,82,19
133,7bef8ac918188c4630dc,algorithm/common/src/EvEye/model/DavisEyeEllipse/HBTXR/Backbone/DeiT.py,maintained,Attention.__init__,49,12
133,7bef8ac918188c4630dc,quantization/src/models/vision_transformer.py,maintained,Attention.__init__,50,12
134,7d7ac7040ef31b7f7de9,algorithm/common/src/EvEye/model/DavisEyeEllipse/EPNet/Loss.py,maintained,gwds_loss,156,89
134,7d7ac7040ef31b7f7de9,algorithm/common/src/EvEye/model/DavisEyeEllipse/HBTXR/Loss.py,maintained,gwds_loss,156,89
135,82082df1375f7bc903df,algorithm/analysis/data-distribution/handover-v1/04_code/motion_labeler.py,analysis,_center_at,25,12
135,82082df1375f7bc903df,algorithm/analysis/data-distribution/handover-v2/04_code/motion_labeler.py,analysis,_center_at,25,12
135,82082df1375f7bc903df,algorithm/analysis/data-distribution/src/motion_labeler.py,analysis,_center_at,25,12
135,82082df1375f7bc903df,algorithm/analysis/motion-label-packages/code/motion_labeler.py,analysis,_center_at,25,12
136,8269b2314bb289f47cb7,algorithm/analysis/data-distribution/handover-v1/04_code/build_sec3.py,analysis,split_violin,27,18
136,8269b2314bb289f47cb7,algorithm/analysis/data-distribution/handover-v2/04_code/build_sec3.py,analysis,split_violin,27,18
136,8269b2314bb289f47cb7,algorithm/analysis/data-distribution/src/build_sec3.py,analysis,split_violin,27,18
137,8352dd4a89c3af42ffa1,algorithm/common/src/EvEye/model/DavisEyeEllipse/EPNet/Loss.py,maintained,WeightLoss.forward,392,5
137,8352dd4a89c3af42ffa1,algorithm/common/src/EvEye/model/DavisEyeEllipse/HBTXR/Loss.py,maintained,WeightLoss.forward,392,5
138,849caf491078910b6070,algorithm/common/src/EvEye/model/DavisEyeEllipse/UNet/UNet.py,maintained,DoubleConv.__init__,34,12
138,849caf491078910b6070,algorithm/common/src/EvEye/model/DavisWithMask/UNet.py,maintained,DoubleConv.__init__,34,12
139,849db7f3bd472938e325,algorithm/hybrid/src/training/step_runner.py,maintained,SampledParamStepRunner.__init__,314,16
139,849db7f3bd472938e325,algorithm/hybrid/src/training/step_runner.py,maintained,StandardStepRunner.__init__,377,16
140,84a049cb68864a2cd947,algorithm/hybrid/src/data/loader.py,maintained,_as_bool,53,6
140,84a049cb68864a2cd947,algorithm/hybrid/src/loss/stage_common.py,maintained,_as_bool,39,6
141,851d34186a73192d1175,hardware/pynq/hgtxr/e2e_axis_dma_overlay.py,maintained,HgtxrE2EAxisDmaOverlay._phys,83,6
141,851d34186a73192d1175,hardware/pynq/hgtxr/e2e_m_axi_overlay.py,maintained,HgtxrE2EMaxiOverlay._phys,62,6
141,851d34186a73192d1175,hardware/pynq/hgtxr/hgtxr_overlay.py,maintained,HgtxrOverlay._phys,129,6
142,878e924ceffd582cca73,algorithm/common/src/EvEye/utils/scripts/evaluate_hbtxr_frame_motion_package.py,maintained,build_manual_gt_lookup,364,33
142,878e924ceffd582cca73,algorithm/common/src/EvEye/utils/scripts/evaluate_hbtxr_val_motion.py,maintained,build_manual_gt_lookup,365,33
143,89601dbcda2e2fea45d9,algorithm/common/src/EvEye/model/DavisEyeEllipse/EPNet/Metric.py,maintained,cal_ap,88,12
143,89601dbcda2e2fea45d9,algorithm/common/src/EvEye/model/DavisEyeEllipse/HBTXR/Metric.py,maintained,cal_ap,88,12
144,8cdc5d983dbd76f04a85,algorithm/common/src/EvEye/model/DavisEyeEllipse/EPNet/utils.py,maintained,PredDecoder.topk,53,25
144,8cdc5d983dbd76f04a85,algorithm/common/src/EvEye/model/DavisEyeEllipse/HBTXR/utils.py,maintained,PredDecoder.topk,53,25
145,8ce7f2fc6a76b90878f1,algorithm/analysis/data-distribution/handover-v1/04_code/motion_labeler.py,analysis,velocity_for_session,38,43
145,8ce7f2fc6a76b90878f1,algorithm/analysis/data-distribution/handover-v2/04_code/motion_labeler.py,analysis,velocity_for_session,38,43
145,8ce7f2fc6a76b90878f1,algorithm/analysis/data-distribution/src/motion_labeler.py,analysis,velocity_for_session,38,43
145,8ce7f2fc6a76b90878f1,algorithm/analysis/motion-label-packages/code/motion_labeler.py,analysis,velocity_for_session,38,43
146,8dbf99ff13d6c0b8ec48,hardware/tools/validate_final_operator_handoff.py,maintained,load_policy_validation,372,15
146,8dbf99ff13d6c0b8ec48,hardware/tools/validate_final_signoff_bundle.py,maintained,live_policy_validation,474,15
146,8dbf99ff13d6c0b8ec48,hardware/tools/validate_final_unblock_closeout_packet.py,maintained,load_policy_validation,59,15
147,8dfd83014688d36e825d,algorithm/analysis/data-distribution/handover-v1/04_code/exgaze_eval.py,analysis,extract,15,28
147,8dfd83014688d36e825d,algorithm/analysis/data-distribution/handover-v2/04_code/exgaze_eval.py,analysis,extract,15,28
147,8dfd83014688d36e825d,algorithm/analysis/data-distribution/src/exgaze_eval.py,analysis,extract,15,28
148,8e4a65cea6df141f39fd,hardware/tools/write_patch32_dtok4_300_goal_status.py,maintained,main,468,9
148,8e4a65cea6df141f39fd,hardware/tools/write_prefetchall4_300_goal_status.py,maintained,main,729,9
149,8f37dde9d5acb8a21f59,algorithm/common/src/EvEye/utils/scripts/evaluate_hbtxr_frame_motion_package.py,maintained,fmt,560,4
149,8f37dde9d5acb8a21f59,algorithm/common/src/EvEye/utils/scripts/evaluate_hbtxr_val_motion.py,maintained,fmt,561,4
150,8fa155a72ca59c4cf9ed,algorithm/common/src/EvEye/model/DavisEyeEllipse/EPNet/Predict.py,maintained,predict_txt,369,22
150,8fa155a72ca59c4cf9ed,algorithm/common/src/EvEye/model/DavisEyeEllipse/HBTXR/Predict.py,maintained,predict_txt,369,22
151,8fa9ad2d46c12da92950,algorithm/common/src/EvEye/utils/dvs_common_utils/processor/EventRandomAffine.py,maintained,temporal_scale,36,7
151,8fa9ad2d46c12da92950,algorithm/common/src/EvEye/utils/dvs_common_utils/processor/NumpyEventRandomAffine.py,maintained,temporal_scale,36,7
152,906349636db51d13ba1e,algorithm/common/src/EvEye/dataset/DavisEyeCenter/DavisEyeCenterDataset.py,maintained,DavisEyeCenterDataset.get_index,350,6
152,906349636db51d13ba1e,algorithm/common/src/EvEye/dataset/DavisEyeCenter/MemmapDavisEyeCenterDataset.py,maintained,MemmapDavisEyeCenterDataset.get_index,136,6
152,906349636db51d13ba1e,algorithm/common/src/EvEye/utils/cache/NpyCacheFrameStack.py,maintained,NpyCacheDavisEyeCenterDataset.get_index,102,6
153,9096f3f5017296a0d10e,hardware/tools/write_vref_p0_buffer_lifetime_audit.py,maintained,macro_values,39,5
153,9096f3f5017296a0d10e,hardware/tools/write_vref_p0_pot_scale_audit.py,maintained,macro_values,32,5
154,9349357de401ace026d6,hardware/pynq/hgtxr/e2e_axis_dma_overlay.py,maintained,HgtxrE2EAxisDmaOverlay._write_addr,127,18
154,9349357de401ace026d6,hardware/pynq/hgtxr/e2e_m_axi_overlay.py,maintained,HgtxrE2EMaxiOverlay._write_addr,98,18
154,9349357de401ace026d6,hardware/pynq/hgtxr/hgtxr_overlay.py,maintained,HgtxrOverlay._write_addr,149,19
155,95af0c8a0b7ebf385eb7,hardware/pynq/hgtxr/e2e_axis_dma_overlay.py,maintained,HgtxrE2EAxisDmaOverlay._done,161,4
155,95af0c8a0b7ebf385eb7,hardware/pynq/hgtxr/e2e_m_axi_overlay.py,maintained,HgtxrE2EMaxiOverlay._done,123,4
155,95af0c8a0b7ebf385eb7,hardware/pynq/hgtxr/hgtxr_overlay.py,maintained,HgtxrOverlay._done,175,4
156,965cdfb2685c18e367d3,algorithm/common/src/EvEye/model/DavisEyeEllipse/EPNet/Metric.py,maintained,p_acc,8,12
156,965cdfb2685c18e367d3,algorithm/common/src/EvEye/model/DavisEyeEllipse/HBTXR/Metric.py,maintained,p_acc,8,12
157,96cd62c3658b2da8b0de,algorithm/analysis/data-distribution/handover-v1/04_code/blink_detect.py,analysis,pupil_features_from_mask,79,15
157,96cd62c3658b2da8b0de,algorithm/analysis/data-distribution/handover-v2/04_code/blink_detect.py,analysis,pupil_features_from_mask,79,15
157,96cd62c3658b2da8b0de,algorithm/analysis/data-distribution/src/blink_detect.py,analysis,pupil_features_from_mask,79,15
158,9837e9d34f4019719cfd,algorithm/analysis/data-distribution/handover-v1/04_code/verify_mapping.py,analysis,ivt,37,4
158,9837e9d34f4019719cfd,algorithm/analysis/data-distribution/handover-v2/04_code/verify_mapping.py,analysis,ivt,37,4
158,9837e9d34f4019719cfd,algorithm/analysis/data-distribution/src/verify_mapping.py,analysis,ivt,37,4
159,991de5d9717bf1862de6,algorithm/common/src/EvEye/model/DavisEyeEllipse/EPNet/Head/EPHead.py,maintained,EPHead.forward,40,5
159,991de5d9717bf1862de6,algorithm/common/src/EvEye/model/DavisEyeEllipse/HBTXR/Head/HBTXRHead.py,maintained,HBTXRHead.forward,40,5
160,9a734feefa8600ae580f,algorithm/analysis/data-distribution/handover-v1/04_code/build_invocation_table.py,analysis,make,31,13
160,9a734feefa8600ae580f,algorithm/analysis/data-distribution/handover-v2/04_code/build_invocation_table.py,analysis,make,31,13
161,a04014127d55dc0ddaac,algorithm/hybrid/src/preprocess/groundedsam_eye_region_bbox.py,maintained,_normalize_session_code,53,10
161,a04014127d55dc0ddaac,algorithm/hybrid/src/preprocess/raw_ellipse_blink.py,maintained,_normalize_session_code,103,10
162,a27843f46812e7459f79,algorithm/analysis/data-distribution/handover-v1/04_code/invocation_designspace.py,analysis,count_ep,8,4
162,a27843f46812e7459f79,algorithm/analysis/data-distribution/handover-v2/04_code/invocation_designspace.py,analysis,count_ep,8,4
163,a2eec5441fb544d39fbc,algorithm/common/src/EvEye/model/DavisEyeEllipse/HBTXR/Backbone/DeiT.py,maintained,DeiT.reset_parameters,155,4
163,a2eec5441fb544d39fbc,quantization/src/models/vision_transformer.py,maintained,VisionTransformer.reset_parameters,156,4
164,a3359c0d5837c4d1330f,algorithm/common/src/EvEye/model/DavisEyeEllipse/HBTXR/Backbone/DeiT.py,maintained,Attention.forward,62,13
164,a3359c0d5837c4d1330f,quantization/src/models/vision_transformer.py,maintained,Attention.forward,63,13
165,a3fd2ca201a60b63cff6,algorithm/analysis/data-distribution/handover-v1/04_code/build_sec4.py,analysis,series_by_group,14,4
165,a3fd2ca201a60b63cff6,algorithm/analysis/data-distribution/handover-v2/04_code/build_sec4.py,analysis,series_by_group,14,4
165,a3fd2ca201a60b63cff6,algorithm/analysis/data-distribution/src/build_sec4.py,analysis,series_by_group,14,4
166,a4a21d67361f0cbdf7df,hardware/pynq/hgtxr/run_e2e_axis_dma_smoke.py,maintained,make_weights,64,12
166,a4a21d67361f0cbdf7df,hardware/pynq/hgtxr/run_e2e_m_axi_smoke.py,maintained,make_weights,31,12
167,a520e33a9fe45f9ef905,algorithm/analysis/data-distribution/handover-v1/04_code/event_4state.py,analysis,ssum,52,6
167,a520e33a9fe45f9ef905,algorithm/analysis/data-distribution/handover-v1/04_code/frame_center_4state.py,analysis,ssum,64,6
167,a520e33a9fe45f9ef905,algorithm/analysis/data-distribution/handover-v2/04_code/event_4state.py,analysis,ssum,52,6
167,a520e33a9fe45f9ef905,algorithm/analysis/data-distribution/handover-v2/04_code/frame_center_4state.py,analysis,ssum,64,6
168,a7dc77e24f78c297a270,algorithm/analysis/scripts/smoke_eveye_exgaze_hybrid_loaders.py,analysis,make_mask128,149,7
168,a7dc77e24f78c297a270,algorithm/analysis/scripts/train_eveye_exgaze_hybrid.py,analysis,make_mask128,58,7
169,a84a025119035e9f4430,algorithm/common/src/EvEye/model/DavisEyeEllipse/EPNet/Loss.py,maintained,_transpose_and_gather_feat,55,5
169,a84a025119035e9f4430,algorithm/common/src/EvEye/model/DavisEyeEllipse/HBTXR/Loss.py,maintained,_transpose_and_gather_feat,55,5
170,aa2d1e56ff7548951425,hardware/tools/discover_c3b_smoke_candidates.py,maintained,iter_candidate_paths,51,19
170,aa2d1e56ff7548951425,hardware/tools/discover_pynq_smoke_candidates.py,maintained,iter_candidate_paths,78,19
171,ad1f967662209fde06ab,algorithm/analysis/data-distribution/handover-v1/04_code/run_test_mask.py,analysis,agg,46,15
171,ad1f967662209fde06ab,algorithm/analysis/data-distribution/handover-v2/04_code/run_test_mask.py,analysis,agg,46,15
171,ad1f967662209fde06ab,algorithm/analysis/data-distribution/src/run_test_mask.py,analysis,agg,46,15
172,ad275f9678150547c277,algorithm/common/src/EvEye/model/DavisEyeEllipse/EPNet/Metric.py,maintained,cal_batch_iou,70,16
172,ad275f9678150547c277,algorithm/common/src/EvEye/model/DavisEyeEllipse/HBTXR/Metric.py,maintained,cal_batch_iou,70,16
173,addf4de02a5fce18498e,algorithm/analysis/data-distribution/handover-v1/04_code/common.py,analysis,parse_frame_filename,57,5
173,addf4de02a5fce18498e,algorithm/analysis/data-distribution/handover-v2/04_code/common.py,analysis,parse_frame_filename,57,5
173,addf4de02a5fce18498e,algorithm/analysis/data-distribution/src/common.py,analysis,parse_frame_filename,57,5
173,addf4de02a5fce18498e,algorithm/analysis/motion-label-packages/code/common.py,analysis,parse_frame_filename,57,5
174,b14ea0543087b1dfac58,algorithm/hybrid/src/preprocess/groundedsam_eye_region_bbox.py,maintained,_resolve_raw_user_dir,65,10
174,b14ea0543087b1dfac58,algorithm/hybrid/src/preprocess/raw_ellipse_blink.py,maintained,_resolve_raw_user_dir,115,10
175,b1605940a51b13bcf049,algorithm/analysis/data-distribution/handover-v1/04_code/event_4state_all.py,analysis,one,17,16
175,b1605940a51b13bcf049,algorithm/analysis/data-distribution/handover-v1/04_code/event_4state_test.py,test,one,17,16
175,b1605940a51b13bcf049,algorithm/analysis/data-distribution/handover-v2/04_code/event_4state_all.py,analysis,one,17,16
175,b1605940a51b13bcf049,algorithm/analysis/data-distribution/handover-v2/04_code/event_4state_test.py,test,one,17,16
175,b1605940a51b13bcf049,algorithm/analysis/data-distribution/src/event_4state_all.py,analysis,one,17,16
175,b1605940a51b13bcf049,algorithm/analysis/data-distribution/src/event_4state_test.py,test,one,17,16
176,b3c56dd48e8c6f4adfca,hardware/tools/write_vref_p0_pot_scale_successor.py,maintained,parse_timing_summary,328,19
176,b3c56dd48e8c6f4adfca,hardware/tools/write_vref_p0_qkv_uram_cache_successor.py,maintained,parse_timing_summary,142,19
177,b401203348858cf35da4,algorithm/common/src/EvEye/model/DavisEyeEllipse/EPNet/EPNet.py,maintained,EPNet.validation_step,330,27
177,b401203348858cf35da4,algorithm/common/src/EvEye/model/DavisEyeEllipse/ElNet/ElNet.py,maintained,Creat_MyNet.validation_step,934,27
178,b4a4dc36969e329c37ff,algorithm/analysis/data-distribution/handover-v1/04_code/invocation_designspace.py,analysis,exsum,77,9
178,b4a4dc36969e329c37ff,algorithm/analysis/data-distribution/handover-v2/04_code/invocation_designspace.py,analysis,exsum,77,9
179,b670bcc7aa38f80189a6,algorithm/hybrid/src/models/patch_embeddings.py,maintained,Split1PatchFrontend._to_tokens,191,5
179,b670bcc7aa38f80189a6,algorithm/hybrid/src/models/patch_embeddings.py,maintained,Split2PatchFrontend._to_tokens,315,5
180,b70fa396e06a59f61d37,algorithm/common/src/EvEye/model/DavisEyeEllipse/EPNet/Predict.py,maintained,predict,267,100
180,b70fa396e06a59f61d37,algorithm/common/src/EvEye/model/DavisEyeEllipse/HBTXR/Predict.py,maintained,predict,267,100
181,b778a59fb51f89ba02bc,algorithm/common/src/EvEye/utils/scripts/evaluate_hbtxr_frame_motion_package.py,maintained,write_report,566,111
181,b778a59fb51f89ba02bc,algorithm/common/src/EvEye/utils/scripts/evaluate_hbtxr_val_motion.py,maintained,write_report,567,111
182,b7a3eaa05f8aa9e74c0e,algorithm/common/src/EvEye/model/DavisEyeCenter/TennSt.py,maintained,SpatialBlock.streaming,137,6
182,b7a3eaa05f8aa9e74c0e,algorithm/common/src/EvEye/model/DavisEyeCenter/TennSt.py,maintained,TemporalBlock.streaming,221,6
183,b7cf25c0e1a8c1796360,algorithm/analysis/data-distribution/handover-v1/04_code/error_harness.py,analysis,run,55,15
183,b7cf25c0e1a8c1796360,algorithm/analysis/data-distribution/handover-v2/04_code/error_harness.py,analysis,run,55,15
183,b7cf25c0e1a8c1796360,algorithm/analysis/data-distribution/src/error_harness.py,analysis,run,55,15
184,b9296af1e810c35fe43a,algorithm/analysis/data-distribution/handover-v1/04_code/blink_detect.py,analysis,smooth_blink_runs,113,34
184,b9296af1e810c35fe43a,algorithm/analysis/data-distribution/handover-v2/04_code/blink_detect.py,analysis,smooth_blink_runs,113,34
184,b9296af1e810c35fe43a,algorithm/analysis/data-distribution/src/blink_detect.py,analysis,smooth_blink_runs,113,34
185,bbbc13251c708eb0d811,hardware/tests/test_write_req5_q4q8_swhw_match_audit.py,test,Req5Q4Q8SwHwMatchAuditTests.write,21,4
185,bbbc13251c708eb0d811,hardware/tests/test_write_spec_plan_conformance_audit.py,test,WriteSpecPlanConformanceAuditTests.write,21,4
186,bc4f78ffaa1aa74a9b94,hardware/tools/write_c3b_physical_smoke_gate_audit.py,maintained,normalize_roots,32,5
186,bc4f78ffaa1aa74a9b94,hardware/tools/write_hgpipe_operator_audit.py,maintained,normalize_roots,93,5
186,bc4f78ffaa1aa74a9b94,hardware/tools/write_p2_vit_scale_calibration_report.py,maintained,normalize_roots,15,5
186,bc4f78ffaa1aa74a9b94,hardware/tools/write_req1_environment_audit.py,maintained,normalize_roots,22,5
186,bc4f78ffaa1aa74a9b94,hardware/tools/write_req2_spec_subagent_gate_audit.py,maintained,normalize_roots,16,5
186,bc4f78ffaa1aa74a9b94,hardware/tools/write_req5_q4q8_swhw_match_audit.py,maintained,normalize_roots,35,5
186,bc4f78ffaa1aa74a9b94,hardware/tools/write_req6_parameterization_audit.py,maintained,normalize_roots,38,5
186,bc4f78ffaa1aa74a9b94,hardware/tools/write_third_goal_source_audit.py,maintained,normalize_roots,30,5
186,bc4f78ffaa1aa74a9b94,hardware/tools/write_vref_p0_pot_scale_successor.py,maintained,hardware_root,59,5
186,bc4f78ffaa1aa74a9b94,hardware/tools/write_xr_vits_gate_audit.py,maintained,normalize_roots,30,5
187,be06838aa87f572de168,algorithm/analysis/data-distribution/handover-v1/04_code/common.py,analysis,load_data_segments,104,14
187,be06838aa87f572de168,algorithm/analysis/data-distribution/handover-v2/04_code/common.py,analysis,load_data_segments,104,14
187,be06838aa87f572de168,algorithm/analysis/data-distribution/src/common.py,analysis,load_data_segments,104,14
187,be06838aa87f572de168,algorithm/analysis/motion-label-packages/code/common.py,analysis,load_data_segments,104,14
188,be6b850c15de0b275e83,quantization/tests/test_imagenet_eval.py,test,ImageNetEvalTest.test_evaluate_one_runs_without_timm.guarded_import,32,4
188,be6b850c15de0b275e83,quantization/tests/test_model_registry.py,test,ModelRegistryTest.test_create_paper_model_does_not_import_timm.guarded_import,27,4
189,bed9b10cad5baf02f1c1,algorithm/common/src/EvEye/utils/dvs_common_utils/processor/EventRandomAffine.py,maintained,main,147,19
189,bed9b10cad5baf02f1c1,algorithm/common/src/EvEye/utils/dvs_common_utils/processor/NumpyEventRandomAffine.py,maintained,main,142,19
190,bf98143b3bbc839c260c,algorithm/common/src/EvEye/utils/scripts/build_reproduction_summary.py,maintained,nested_get,40,7
190,bf98143b3bbc839c260c,algorithm/common/src/EvEye/utils/scripts/compare_model_evaluation_results.py,maintained,nested_get,42,7
191,bf9e3fcfc9a1fd333d7a,algorithm/common/src/EvEye/model/DavisEyeEllipse/EPNet/Loss.py,maintained,GWDLoss.forward,328,49
191,bf9e3fcfc9a1fd333d7a,algorithm/common/src/EvEye/model/DavisEyeEllipse/HBTXR/Loss.py,maintained,GWDLoss.forward,328,49
192,c060efe67b0dd63fe372,algorithm/analysis/data-distribution/handover-v1/04_code/build_excel.py,analysis,load4,8,4
192,c060efe67b0dd63fe372,algorithm/analysis/data-distribution/handover-v2/04_code/build_excel.py,analysis,load4,8,4
192,c060efe67b0dd63fe372,algorithm/analysis/data-distribution/src/build_excel.py,analysis,load4,8,4
193,c19ddbf12305e6d168bc,algorithm/common/src/EvEye/model/DavisEyeEllipse/HBTXR/Backbone/DeiT.py,maintained,PatchEmbed.forward,36,10
193,c19ddbf12305e6d168bc,quantization/src/models/vision_transformer.py,maintained,PatchEmbed.forward,37,10
194,c36c97cdd07ebeaf824b,quantization/src/paper_equivalence.py,maintained,write_artifact_imagenet_validation_json,105,4
194,c36c97cdd07ebeaf824b,quantization/src/paper_equivalence.py,maintained,write_paper_equivalence_assets_json,212,4
195,c40006ac87d03f9df54a,algorithm/common/src/EvEye/model/DavisEyeEllipse/UNet/UNet.py,maintained,Up.__init__,67,17
195,c40006ac87d03f9df54a,algorithm/common/src/EvEye/model/DavisWithMask/UNet.py,maintained,Up.__init__,67,17
196,c43c35d29c6bdaaf5f60,algorithm/analysis/data-distribution/handover-v1/04_code/sac_aug.py,analysis,main,60,19
196,c43c35d29c6bdaaf5f60,algorithm/analysis/data-distribution/handover-v2/04_code/sac_aug.py,analysis,main,60,19
196,c43c35d29c6bdaaf5f60,algorithm/analysis/data-distribution/src/sac_aug.py,analysis,main,60,19
197,c522e6ff8702cfb3725b,algorithm/common/src/EvEye/model/DavisEyeEllipse/EPNet/Predict.py,maintained,test_inference_time,393,25
197,c522e6ff8702cfb3725b,algorithm/common/src/EvEye/model/DavisEyeEllipse/HBTXR/Predict.py,maintained,test_inference_time,393,25
198,c7049c21452b60b25162,algorithm/common/src/EvEye/utils/dvs_common_utils/processor/EventRandomAffine.py,maintained,EventRandomAffine.__init__,61,15
198,c7049c21452b60b25162,algorithm/common/src/EvEye/utils/dvs_common_utils/processor/NumpyEventRandomAffine.py,maintained,NumpyEventRandomAffine.__init__,61,15
199,c706bde751dd874b989e,hardware/tests/test_package_e2e_axis_dma_pynq_bundle.py,test,E2EAxisDmaPynqBundleTests.make_fake_hardware_root,18,19
199,c706bde751dd874b989e,hardware/tests/test_validate_pynq_bundle_package.py,test,ValidatePynqBundlePackageTests.make_fake_hardware_root,23,19
200,c951a565f0d43d53459b,algorithm/analysis/data-distribution/handover-v1/04_code/velocity_dist.py,analysis,finalize,54,26
200,c951a565f0d43d53459b,algorithm/analysis/data-distribution/handover-v2/04_code/velocity_dist.py,analysis,finalize,54,26
200,c951a565f0d43d53459b,algorithm/analysis/data-distribution/src/velocity_dist.py,analysis,finalize,54,26
200,c951a565f0d43d53459b,algorithm/analysis/motion-label-packages/code/velocity_dist.py,analysis,finalize,54,26
201,c99e65f3d597e02dbb72,algorithm/common/src/EvEye/model/DavisEyeEllipse/EPNet/Predict.py,maintained,post_process,141,52
201,c99e65f3d597e02dbb72,algorithm/common/src/EvEye/model/DavisEyeEllipse/HBTXR/Predict.py,maintained,post_process,141,52
202,c9a8e05d214dd91a5352,algorithm/analysis/data-distribution/handover-v1/04_code/build_4state_blink.py,analysis,build,128,32
202,c9a8e05d214dd91a5352,algorithm/analysis/data-distribution/handover-v2/04_code/build_4state_blink.py,analysis,build,128,32
202,c9a8e05d214dd91a5352,algorithm/analysis/data-distribution/src/build_4state_blink.py,analysis,build,128,32
203,ca07966866537173604a,hardware/tools/check_c3b_board_smoke_readiness.py,maintained,load_json,32,5
203,ca07966866537173604a,hardware/tools/validate_final_operator_handoff.py,maintained,load_json,173,5
203,ca07966866537173604a,hardware/tools/validate_final_signoff_bundle.py,maintained,load_json,302,5
203,ca07966866537173604a,hardware/tools/validate_final_unblock_closeout_packet.py,maintained,load_json,23,5
203,ca07966866537173604a,hardware/tools/write_c3b_physical_smoke_gate_audit.py,maintained,load_json,25,5
203,ca07966866537173604a,hardware/tools/write_c3b_protection_checklist.py,maintained,load_json,36,5
203,ca07966866537173604a,hardware/tools/write_c3b_smoke_transfer_manifest.py,maintained,load_json,24,5
203,ca07966866537173604a,hardware/tools/write_e2e_resource_policy_audit.py,maintained,load_json,24,5
203,ca07966866537173604a,hardware/tools/write_final_operator_handoff.py,maintained,load_json,17,5
203,ca07966866537173604a,hardware/tools/write_final_unblock_closeout_packet.py,maintained,load_json,27,5
203,ca07966866537173604a,hardware/tools/write_final_unblock_commands.py,maintained,load_json,15,5
203,ca07966866537173604a,hardware/tools/write_hgpipe_operator_audit.py,maintained,load_json,86,5
203,ca07966866537173604a,hardware/tools/write_p2_vit_scale_calibration_report.py,maintained,load_json_object,22,5
203,ca07966866537173604a,hardware/tools/write_req5_q4q8_swhw_match_audit.py,maintained,load_json,42,5
203,ca07966866537173604a,hardware/tools/write_third_goal_completion_audit.py,maintained,load_json,23,5
203,ca07966866537173604a,hardware/tools/write_third_goal_current_audit.py,maintained,load_json,15,5
203,ca07966866537173604a,hardware/tools/write_third_goal_requirements_trace.py,maintained,load_json,24,5
203,ca07966866537173604a,hardware/tools/write_third_goal_unblock_checklist.py,maintained,load_json,12,5
203,ca07966866537173604a,hardware/tools/write_vref_p0_buffer_lifetime_audit.py,maintained,load_json,74,5
203,ca07966866537173604a,hardware/tools/write_vref_p0_pot_scale_successor.py,maintained,load_json,66,5
203,ca07966866537173604a,hardware/tools/write_xr_vits_gate_audit.py,maintained,load_json,23,5
203,ca07966866537173604a,hardware/tools/write_xr_vits_unblock_packet.py,maintained,load_json,26,5
204,ca893ff0354495ccaa35,algorithm/analysis/scripts/build_eveye_exgaze_training_manifests.py,analysis,parse_shape_dtype,39,5
204,ca893ff0354495ccaa35,algorithm/analysis/scripts/export_eveye_exgaze_hybrid_dataset.py,analysis,_parse_shape_dtype,36,5
205,cae6a14b52a87240b822,algorithm/common/src/EvEye/model/DavisEyeEllipse/EPNet/Loss.py,maintained,sqrt_newton_schulz_autograd,113,24
205,cae6a14b52a87240b822,algorithm/common/src/EvEye/model/DavisEyeEllipse/HBTXR/Loss.py,maintained,sqrt_newton_schulz_autograd,113,24
206,caf1a58c6a228d2978b2,algorithm/analysis/data-distribution/handover-v1/04_code/frame_center_4state.py,analysis,frame_sacc,10,16
206,caf1a58c6a228d2978b2,algorithm/analysis/data-distribution/handover-v2/04_code/frame_center_4state.py,analysis,frame_sacc,10,16
207,cb6dfb493a3613f45203,algorithm/common/src/EvEye/model/DavisEyeEllipse/EPNet/Loss.py,maintained,CtdetLoss.forward,412,93
207,cb6dfb493a3613f45203,algorithm/common/src/EvEye/model/DavisEyeEllipse/HBTXR/Loss.py,maintained,HBTXRCtdetLoss.forward,412,93
208,d0713580db2f5e396f67,hardware/tools/write_vref_p0_buffer_lifetime_audit.py,maintained,line_refs,50,6
208,d0713580db2f5e396f67,hardware/tools/write_vref_p0_pot_scale_audit.py,maintained,line_refs,47,6
209,d11f2906c51aff987bdc,algorithm/analysis/data-distribution/handover-v1/04_code/blink_detect.py,analysis,calibrate_tau,101,10
209,d11f2906c51aff987bdc,algorithm/analysis/data-distribution/handover-v2/04_code/blink_detect.py,analysis,calibrate_tau,101,10
209,d11f2906c51aff987bdc,algorithm/analysis/data-distribution/src/blink_detect.py,analysis,calibrate_tau,101,10
210,d1691c8266c38f215287,algorithm/common/src/EvEye/utils/scripts/evaluate_hbtxr_frame_motion_package.py,maintained,describe,338,12
210,d1691c8266c38f215287,algorithm/common/src/EvEye/utils/scripts/evaluate_hbtxr_val_motion.py,maintained,describe,339,12
211,d1897e02369ad85c1c48,algorithm/common/src/EvEye/utils/scripts/evaluate_hbtxr_frame_motion_package.py,maintained,compute_label_noise,399,40
211,d1897e02369ad85c1c48,algorithm/common/src/EvEye/utils/scripts/evaluate_hbtxr_val_motion.py,maintained,compute_label_noise,400,40
212,d45452fdd9988cf73ba0,algorithm/common/src/EvEye/model/DavisEyeEllipse/ElNet/ElNet.py,maintained,Bottleneck.forward,155,19
212,d45452fdd9988cf73ba0,algorithm/common/src/EvEye/model/DavisEyeEllipse/ElNet/ElNet.py,maintained,BottleneckX.forward,204,19
213,d4a81df7063e064af11c,algorithm/analysis/data-distribution/handover-v1/04_code/build_invocation_table.py,analysis,summary,45,9
213,d4a81df7063e064af11c,algorithm/analysis/data-distribution/handover-v2/04_code/build_invocation_table.py,analysis,summary,45,9
214,d5ef07264c972c65b065,algorithm/common/src/EvEye/model/DavisEyeEllipse/EPNet/Predict.py,maintained,nms,103,9
214,d5ef07264c972c65b065,algorithm/common/src/EvEye/model/DavisEyeEllipse/HBTXR/Predict.py,maintained,nms,103,9
215,d65fdf2cab52cd07ac76,hardware/pynq/hgtxr/e2e_axis_dma_overlay.py,maintained,HgtxrE2EAxisDmaOverlay._alloc_weights,105,15
215,d65fdf2cab52cd07ac76,hardware/pynq/hgtxr/e2e_m_axi_overlay.py,maintained,HgtxrE2EMaxiOverlay._alloc_weights,76,15
216,d7ce8155a6aee59c10e5,algorithm/analysis/data-distribution/handover-v1/04_code/exgaze_eval.py,analysis,main,44,30
216,d7ce8155a6aee59c10e5,algorithm/analysis/data-distribution/handover-v2/04_code/exgaze_eval.py,analysis,main,44,30
216,d7ce8155a6aee59c10e5,algorithm/analysis/data-distribution/src/exgaze_eval.py,analysis,main,44,30
217,d91d6311204f033098f8,algorithm/hybrid/src/models/heads.py,maintained,YOLO26EyeRegionHead.forward,389,8
217,d91d6311204f033098f8,algorithm/hybrid/src/models/heads.py,maintained,PupilBBoxAuxHead.forward,646,7
218,d982468525c7d4307ec6,algorithm/common/src/EvEye/model/DavisEyeCenter/TennSt.py,maintained,SpatialBlock._streaming_forward,158,9
218,d982468525c7d4307ec6,algorithm/common/src/EvEye/model/DavisEyeCenter/TennSt.py,maintained,TemporalBlock._streaming_forward,251,9
219,dae5c1698708e86f4272,algorithm/analysis/data-distribution/handover-v1/04_code/build_4state_blink.py,analysis,aggregate,162,31
219,dae5c1698708e86f4272,algorithm/analysis/data-distribution/handover-v2/04_code/build_4state_blink.py,analysis,aggregate,162,31
219,dae5c1698708e86f4272,algorithm/analysis/data-distribution/src/build_4state_blink.py,analysis,aggregate,162,31
220,dd7e85c7df16153a1cf5,hardware/pynq/hgtxr/test_hgtxr_overlay.py,test,E2EMaxiOverlayRuntimeTests._allocate,153,4
220,dd7e85c7df16153a1cf5,hardware/pynq/hgtxr/test_hgtxr_overlay.py,test,E2EAxisDmaOverlayRuntimeTests._allocate,244,4
221,de9e1e77d6758f1e8911,algorithm/analysis/data-distribution/handover-v1/04_code/eveye_metrics.py,analysis,describe,33,7
221,de9e1e77d6758f1e8911,algorithm/analysis/data-distribution/handover-v2/04_code/eveye_metrics.py,analysis,describe,33,7
221,de9e1e77d6758f1e8911,algorithm/analysis/data-distribution/src/eveye_metrics.py,analysis,describe,33,7
222,e202ffbe1b7d84455a7b,hardware/tools/write_final_evidence_manifest.py,maintained,load_json_object,227,6
222,e202ffbe1b7d84455a7b,hardware/tools/write_spec_plan_conformance_audit.py,maintained,load_json_object,47,6
223,e2f1a55fa869e0a080dd,algorithm/common/src/EvEye/model/DavisEyeEllipse/EPNet/Metric.py,maintained,cal_batch_ap,102,73
223,e2f1a55fa869e0a080dd,algorithm/common/src/EvEye/model/DavisEyeEllipse/HBTXR/Metric.py,maintained,cal_batch_ap,102,73
224,e42874a1ad5d14b2f40f,algorithm/analysis/data-distribution/handover-v1/04_code/iou_frame.py,analysis,build,38,16
224,e42874a1ad5d14b2f40f,algorithm/analysis/data-distribution/handover-v2/04_code/iou_frame.py,analysis,build,38,16
224,e42874a1ad5d14b2f40f,algorithm/analysis/data-distribution/src/iou_frame.py,analysis,build,38,16
225,e44b54e3a911ac83cd0a,algorithm/common/src/EvEye/model/DavisEyeEllipse/UNet/UNet.py,maintained,UNet.forward,130,12
225,e44b54e3a911ac83cd0a,algorithm/common/src/EvEye/model/DavisWithMask/UNet.py,maintained,UNet.forward,128,12
226,e51735414c64f748703e,hardware/tools/diagnose_hls_cosim_xsim.py,maintained,read_json,32,7
226,e51735414c64f748703e,hardware/tools/write_patch32_dtok4_300_goal_status.py,maintained,read_json,66,7
226,e51735414c64f748703e,hardware/tools/write_prefetchall4_300_goal_status.py,maintained,read_json,60,7
227,e548422492a75938ddfb,hardware/tools/validate_final_operator_handoff.py,maintained,failed_consistency,195,5
227,e548422492a75938ddfb,hardware/tools/validate_final_signoff_bundle.py,maintained,failed_consistency,361,5
228,e5fe8a64786d872c3003,algorithm/common/src/EvEye/dataset/DavisEyeEllipse/DavisEyeEllipseDataset.py,maintained,DavisEyeEllipseDataset.get_nums,51,8
228,e5fe8a64786d872c3003,algorithm/common/src/EvEye/dataset/DavisWithMask/DavisWithMaskDataset.py,maintained,DavisWithMaskDataset.get_nums,41,8
229,e647ef46e11b8f41910b,algorithm/common/src/EvEye/model/DavisEyeEllipse/EPNet/Predict.py,maintained,restore_angle,236,9
229,e647ef46e11b8f41910b,algorithm/common/src/EvEye/model/DavisEyeEllipse/HBTXR/Predict.py,maintained,restore_angle,236,9
230,e65e3ddf3f53703e6934,algorithm/common/src/EvEye/model/DavisEyeEllipse/EPNet/Predict.py,maintained,get_nums,20,8
230,e65e3ddf3f53703e6934,algorithm/common/src/EvEye/model/DavisEyeEllipse/HBTXR/Predict.py,maintained,get_nums,20,8
231,e7cee7022999e1623cac,algorithm/analysis/data-distribution/handover-v1/04_code/inventory.py,analysis,main,36,19
231,e7cee7022999e1623cac,algorithm/analysis/data-distribution/handover-v2/04_code/inventory.py,analysis,main,36,19
231,e7cee7022999e1623cac,algorithm/analysis/data-distribution/src/inventory.py,analysis,main,36,19
232,e862b4384a34ae249cd5,algorithm/common/src/EvEye/utils/scripts/evaluate_hbtxr_frame_motion_package.py,maintained,parse_args,57,28
232,e862b4384a34ae249cd5,algorithm/common/src/EvEye/utils/scripts/evaluate_hbtxr_val_motion.py,maintained,parse_args,57,28
233,e97b08bcc9c8fbb46210,algorithm/common/src/EvEye/dataset/DavisEyeEllipse/utils.py,maintained,convert_to_ellipse,11,6
233,e97b08bcc9c8fbb46210,algorithm/common/src/EvEye/utils/visualization/visualization.py,maintained,convert_to_ellipse,487,7
234,eccb8c15d1b2674ce963,algorithm/analysis/data-distribution/handover-v1/04_code/velocity_100ms.py,analysis,main,37,19
234,eccb8c15d1b2674ce963,algorithm/analysis/data-distribution/handover-v2/04_code/velocity_100ms.py,analysis,main,37,19
234,eccb8c15d1b2674ce963,algorithm/analysis/data-distribution/src/velocity_100ms.py,analysis,main,37,19
235,edcc9b20d83a25260147,algorithm/analysis/scripts/fill_hbtxr_error_distribution.py,analysis,col_to_idx,184,5
235,edcc9b20d83a25260147,algorithm/analysis/scripts/fill_sequence_center_error_distribution.py,analysis,col_to_idx,356,5
236,edfda103fbfb5ef0a2bd,algorithm/common/src/EvEye/utils/scripts/evaluate_hbtxr_frame_motion_package.py,maintained,load_model,243,10
236,edfda103fbfb5ef0a2bd,algorithm/common/src/EvEye/utils/scripts/evaluate_hbtxr_val_motion.py,maintained,load_model,243,10
237,ee4dbf49153941f1b6a3,hardware/tools/check_hls_axis_payload_contract.py,maintained,default_output_path,218,5
237,ee4dbf49153941f1b6a3,hardware/tools/check_hls_xsimk_direct_probe.py,maintained,default_output_path,135,5
238,f154858dc30ae57e80b6,algorithm/analysis/data-distribution/handover-v1/04_code/eveye_pe_aggregate.py,analysis,main,36,19
238,f154858dc30ae57e80b6,algorithm/analysis/data-distribution/handover-v2/04_code/eveye_pe_aggregate.py,analysis,main,36,19
238,f154858dc30ae57e80b6,algorithm/analysis/data-distribution/src/eveye_pe_aggregate.py,analysis,main,36,19
239,f2988380025b4d09d9db,algorithm/analysis/scripts/export_eveye_exgaze_hybrid_dataset.py,analysis,relative,233,5
239,f2988380025b4d09d9db,hardware/tools/audit_xr_vits_candidates.py,maintained,rel,22,5
240,f4a613021e28121cf68b,algorithm/analysis/data-distribution/handover-v1/04_code/velocity_hist.py,analysis,vels,14,14
240,f4a613021e28121cf68b,algorithm/analysis/data-distribution/handover-v2/04_code/velocity_hist.py,analysis,vels,14,14
241,f9843cfc590008d38645,algorithm/analysis/data-distribution/handover-v1/04_code/event_4state_test.py,test,main,34,36
241,f9843cfc590008d38645,algorithm/analysis/data-distribution/handover-v2/04_code/event_4state_test.py,test,main,34,36
241,f9843cfc590008d38645,algorithm/analysis/data-distribution/src/event_4state_test.py,test,main,34,36
242,fb13a521c019694ce316,algorithm/common/src/EvEye/utils/scripts/evaluate_hbtxr_frame_motion_package.py,maintained,parse_frame_name,97,4
242,fb13a521c019694ce316,algorithm/common/src/EvEye/utils/scripts/evaluate_hbtxr_val_motion.py,maintained,parse_frame_name,97,4
243,fb30380d943272c82af7,algorithm/analysis/data-distribution/handover-v1/04_code/invocation_final.py,analysis,ssum,52,11
243,fb30380d943272c82af7,algorithm/analysis/data-distribution/handover-v2/04_code/invocation_final.py,analysis,ssum,52,11
244,fdacc85fda564dd2c16e,algorithm/hybrid/scripts/external_pipeline/eval_hbtxr.py,maintained,resolve_device,29,8
244,fdacc85fda564dd2c16e,algorithm/hybrid/scripts/external_pipeline/infer_hbtxr.py,maintained,resolve_device,28,8
245,ffe2a24ec5809143e8c7,algorithm/analysis/data-distribution/handover-v1/04_code/velocity4state.py,analysis,one,36,11
245,ffe2a24ec5809143e8c7,algorithm/analysis/data-distribution/handover-v2/04_code/velocity4state.py,analysis,one,36,11
